date,open,high,low,close,volume,rsi_7,macd,bollinger
2014-01-02,19.845715,19.893929,19.715,19.754642,234684800,44.149613923838366,0.19463659982241666,19.97926765
2014-01-03,19.745001,19.775,19.301071,19.320715,392467600,33.094332451293155,0.13288685668416633,19.9363748
2014-01-06,19.194643,19.52857,19.057142,19.426071,412610800,37.52566102573004,0.09139751538047847,19.893571200000004
2014-01-07,19.440001,19.498571,19.21143,19.287144,317209200,34.05562434655792,0.04676755837256508,19.857892749999998
2014-01-08,19.243214,19.484285,19.23893,19.409286,258529600,39.76849736719852,0.021011625556269564,19.8168749
2014-01-09,19.52857,19.530714,19.119642,19.161428,279148800,33.00021739904459,-0.01917912091436591,19.765035599999997
2014-01-10,19.279642,19.314285,18.968214,19.033571,304976000,29.93419658795078,-0.06064845079504977,19.7142856
2014-01-13,18.925358,19.375,18.924286,19.133215,378492800,35.3920016088162,-0.08449870697435813,19.6699821
2014-01-14,19.222143,19.526072,19.202143,19.513929,332561600,52.04351576926664,-0.07185150936715345,19.655625
2014-01-15,19.768572,20.007143,19.702143,19.905714,391638800,63.37607658591734,-0.029870411470774627,19.65537505
2014-01-16,19.817858,19.887501,19.702856,19.794643,229278000,58.78173982948657,-0.005499199015311262,19.6540536
2014-01-17,19.695715,19.716785,19.282143,19.309643,426739600,42.9281532921712,-0.0250317339437629,19.6360179
2014-01-21,19.321072,19.645357,19.300714,19.609644,328526800,52.22639549593217,-0.016118036451658213,19.6442501
2014-01-22,19.675358,19.903214,19.564644,19.696787,379985200,54.72607140637987,-0.001999110659077985,19.6486966
2014-01-23,19.640715,19.875,19.4575,19.863571,403239200,59.46221028245486,0.02239021421379661,19.6238573
2014-01-24,19.785713,19.843571,19.455357,19.502501,429354800,47.03482891756482,0.012440195676557408,19.585285849999998
2014-01-27,19.645357,19.814285,19.491072,19.660713,554878800,52.147395341838966,0.017123728768812185,19.5613572
2014-01-28,18.17,18.392857,17.93107,18.089287,1065523200,24.6148285112604,-0.104757898798443,19.46566085
2014-01-29,17.998215,18.120358,17.807858,17.883928,502810000,22.781020554294102,-0.2154372947549028,19.369643000000003
2014-01-30,17.947857,18.089287,17.739286,17.849285,678501600,22.451822558713204,-0.3024603395066734,19.26028585
2014-01-31,17.684999,17.911785,17.626785,17.878571,464797200,23.54150785091825,-0.3648577410705691,19.166482300000002
2014-02-03,17.950357,18.133215,17.832144,17.911785,401464000,24.937113338911615,-0.4069371213158419,19.096035800000003
2014-02-04,18.066071,18.195,17.955713,18.17107,376681200,35.63693751239691,-0.41458413295764984,19.033285749999997
2014-02-05,18.091429,18.402857,18.080357,18.306786,328344800,40.790889447768585,-0.4050244283183453,18.984267850000002
2014-02-06,18.216429,18.339287,18.13607,18.303928,257765200,40.71079706168611,-0.39314695683902556,18.92899995
2014-02-07,18.620714,18.676071,18.477858,18.559999,370280400,50.80735214984736,-0.35893362213569446,18.8989285
2014-02-10,18.523571,18.999643,18.5,18.8925,345559200,60.895356968383844,-0.3015135949906238,18.891874950000002
2014-02-11,18.950357,19.205357,18.910713,19.14143,282256800,66.83564739193503,-0.23323267806179615,18.8922857
2014-02-12,19.176786,19.27,19.044287,19.139999,308100800,66.76762459855482,-0.17719246476363182,18.8735892
2014-02-13,19.094999,19.458929,19.078571,19.44393,307398000,73.46060405488154,-0.10702181942729894,18.8505
2014-02-14,19.373928,19.499287,19.32893,19.428213,272924400,72.57872528633696,-0.05207897399913719,18.8321785
2014-02-18,19.5,19.685356,19.486071,19.499643,260251600,74.21969380587544,-0.002740972893455762,18.8416785
2014-02-19,19.455357,19.531786,19.083929,19.191786,313768000,57.05240422449911,0.011386999180544422,18.8207856
2014-02-20,19.035357,19.178572,18.892857,18.969643,305858000,47.75374378313448,0.0046053476854055475,18.7844284
2014-02-21,19.028214,19.091785,18.735714,18.758928,278784800,40.45670639483893,-0.017569568412884706,18.72919625
2014-02-24,18.683929,18.925714,18.657858,18.84107,288909600,44.32580420713798,-0.028190216999391282,18.6961247
2014-02-25,18.906429,18.913214,18.607143,18.645,231952000,37.53387799827595,-0.05183089361524296,18.64533905
2014-02-26,18.700357,18.75,18.414286,18.476786,276217200,32.54285306646368,-0.08318090641862952,18.664714
2014-02-27,18.469286,18.885,18.430357,18.845358,301882000,49.655739199333034,-0.07739319672355194,18.7127855
2014-02-28,18.895714,19.026787,18.647142,18.794287,371968800,47.69956069218865,-0.07605073246920568,18.760035600000002
2014-03-03,18.693571,18.951786,18.671785,18.848572,238781200,50.13558720557823,-0.06980184187204586,18.80853565
2014-03-04,18.964287,19.022858,18.848928,18.972857,259140000,55.65289951461096,-0.05419605189703702,18.86158925
2014-03-05,18.96143,19.098213,18.897499,19.012857,200062800,57.42183449048891,-0.038160791354101775,18.9036786
2014-03-06,19.028214,19.087143,18.860714,18.955357,185488800,53.82138943904825,-0.029749566810195915,18.93610715
2014-03-07,18.967501,18.999287,18.7875,18.944286,220729600,53.073864593312884,-0.02370370636333874,18.96812505
2014-03-10,18.870001,19.047501,18.869286,18.96143,178584000,54.22253275664087,-0.01732918086963764,18.988196600000002
2014-03-11,19.123215,19.240713,19.02107,19.14607,279224400,64.99035589792388,0.0025917058362310286,19.0008751
2014-03-12,19.089643,19.191071,19.0,19.164642,199326400,65.93076791709487,0.019651230111772833,19.0020357
2014-03-13,19.194286,19.273571,18.898571,18.951786,257742800,48.507979226684014,0.01581304280636786,18.992625049999997
2014-03-14,18.885357,18.960358,18.678572,18.73893,237199200,37.077050772167844,-0.004354255426584075,18.957375050000003
2014-03-17,18.84643,18.9275,18.780357,18.812143,199544800,42.51313348917573,-0.014264870789808981,18.92657155
2014-03-18,18.782143,18.998928,18.757143,18.978571,209647200,53.22922740775063,-0.00859072760469104,18.90051795
2014-03-19,19.009287,19.151428,18.892857,18.973572,224756000,52.88377054963567,-0.004446054424253276,18.88960725
2014-03-20,18.924643,19.02393,18.833929,18.882143,208398400,46.45115240227601,-0.008441617551156355,18.88523225
2014-03-21,18.997499,19.0625,18.797501,19.031071,374046400,56.5052176339504,0.00040445256307464206,18.898839400000004
2014-03-24,19.229286,19.303572,19.109285,19.256786,355700800,67.34596600274658,0.025336280115389798,18.919625200000002
2014-03-25,19.339287,19.491072,19.27107,19.463928,282293200,74.22434804734503,0.061105178850908715,18.9605716
2014-03-26,19.518572,19.607143,19.245001,19.277857,299768000,60.80209775858118,0.07358961884255422,19.000625149999998
2014-03-27,19.286428,19.339287,19.111429,19.195,222031600,55.5805518738229,0.07592257189786977,19.01810725
2014-03-28,19.225714,19.247856,19.080357,19.173571,200564000,54.17672745306353,0.07517573372875219,19.037071450000003
2014-03-31,19.258215,19.314644,19.140356,19.169287,168669200,53.85944492403738,0.07339215700105584,19.053107200000003
2014-04-01,19.205713,19.352501,19.170357,19.344643,200760000,63.943494683810215,0.08514690278947157,19.071696499999998
2014-04-02,19.370714,19.41,19.295,19.376785,180420800,65.55339025659984,0.0959501605690356,19.089892900000002
2014-04-03,19.335358,19.375,19.201429,19.2425,162344000,53.83694475844843,0.09260860856675279,19.10425005
2014-04-04,19.278929,19.285713,18.949286,18.99357,275251200,38.828196743656854,0.06907755091794243,19.106714250000003
2014-04-07,18.857857,18.960714,18.638929,18.695356,289850400,27.941225255677978,0.026065177536430895,19.09341055
2014-04-08,18.756786,18.790001,18.525,18.694286,243888400,27.908468686331204,-0.008016370583391108,19.07082135
2014-04-09,18.665714,18.946072,18.643572,18.940001,206169600,45.139383324449206,-0.015025886967279689,19.0595893
2014-04-10,18.952856,19.008572,18.684643,18.695715,239652000,35.34166791172693,-0.039833640407682225,19.04678575
2014-04-11,18.535713,18.672501,18.469286,18.557501,271717600,30.91266564297473,-0.06984158808408125,19.037714299999998
2014-04-14,18.639286,18.648571,18.471786,18.63143,205674000,35.923683864085575,-0.08665870278123222,19.02867865
2014-04-15,18.581072,18.629999,18.261786,18.498571,266490000,31.181792880970335,-0.10944538007622029,19.00467865
2014-04-16,18.501785,18.610357,18.362143,18.536072,214765600,34.04856775816431,-0.12305941636062911,18.98280365
2014-04-17,18.571428,18.848572,18.542856,18.747856,284334400,48.251681522728724,-0.11542884745134074,18.976089299999998
2014-04-21,18.762142,19.004999,18.712856,18.970358,182548800,59.058751796638845,-0.0903856057425294,18.97305365
2014-04-22,18.868214,18.993929,18.803572,18.989286,202563200,59.89009615122924,-0.06822487100495778,18.95967865
2014-04-23,18.895,18.968929,18.730356,18.741072,394940000,45.694537349188536,-0.06988552759493771,18.92353585
2014-04-24,20.293215,20.357143,20.026072,20.2775,759911600,79.97372110825263,0.05217386143002756,18.973518000000002
2014-04-25,20.161785,20.428213,20.14143,20.42643,390275200,81.30803692623886,0.15909031879785474,19.0350895
2014-04-28,20.457144,21.276787,20.448214,21.217501,669485600,86.77044084622126,0.30414915783145346,19.137285999999996
2014-04-29,21.205,21.285,21.053928,21.154642,337377600,84.48173225229021,0.4093187649622898,19.23655375
2014-04-30,21.165714,21.408215,21.064285,21.074642,456640800,81.29777897327668,0.48067023761510796,19.3230537
2014-05-01,21.142857,21.242857,20.941429,21.124287,244048000,81.79452923803935,0.5350549499485915,19.4104288
2014-05-02,21.155001,21.22143,21.061071,21.16357,191514400,82.23024403329285,0.5747002493557289,19.506482300000002
2014-05-05,21.076429,21.464287,21.071428,21.462856,287067200,85.34731181334381,0.6230867574454564,19.6299466
2014-05-06,21.492857,21.586071,21.22893,21.22893,374564400,73.57798658104562,0.6352349474594767,19.7566253
2014-05-07,21.258928,21.331785,20.990356,21.154642,282864400,70.00150450389314,0.631587507186044,19.879643100000003
2014-05-08,21.008928,21.22893,20.942858,20.999643,230297200,62.59512923054584,0.6091676550381209,19.9826252
2014-05-09,20.876429,20.9375,20.72607,20.912144,291597600,58.51752323982973,0.5776801850642599,20.09344665
2014-05-12,20.981787,21.202143,20.978571,21.172501,213208800,66.16824207076479,0.5671964842577246,20.22419665
2014-05-13,21.142857,21.23357,21.09643,21.205713,159737200,67.0720473056287,0.5551683712695947,20.352910799999997
2014-05-14,21.158215,21.335714,21.133572,21.209642,166404000,67.19300972561933,0.5397313554382137,20.48846435
2014-05-15,21.239286,21.307142,21.001429,21.029285,230846000,56.14690146305513,0.5070985896964189,20.613125000000004
2014-05-16,21.022499,21.340357,20.907143,21.339643,276256400,67.02864954948089,0.5005106098166436,20.74271435
2014-05-19,21.351786,21.690357,21.333214,21.592501,317755200,73.32118255089895,0.5098162710524718,20.8738215
2014-05-20,21.589643,21.657143,21.454643,21.596786,234836000,73.42146863266885,0.511638982607014,21.0041965
2014-05-21,21.565357,21.667856,21.502144,21.653929,196859600,74.88998905523698,0.5117948052482291,21.14983935
2014-05-22,21.664286,21.780357,21.575001,21.688213,200760000,75.82494618830408,0.5088193750640109,21.220374999999997
2014-05-23,21.6875,21.954643,21.659643,21.933214,232209600,81.55185895442851,0.5202339254887143,21.2957142
2014-05-27,21.995714,22.352142,21.986786,22.343929,348866000,87.39287752740964,0.5560119473258034,21.3520356
2014-05-28,22.357857,22.493929,22.277857,22.286072,315481600,83.0702895873727,0.5730914693084266,21.4086071
2014-05-29,22.423214,22.745358,22.420357,22.692142,376474000,87.95042051115855,0.612334952692958,21.4894821
2014-05-30,22.785,23.006071,22.460714,22.607143,564020800,82.16632435684852,0.6293225484763667,21.5636249
2014-06-02,22.64143,22.672501,22.232143,22.451786,369350800,72.06076715724916,0.6230670004608001,21.628035699999998
2014-06-03,22.445,22.812143,22.4375,22.769285,292709200,78.39595846091278,0.636393006996034,21.69335715
2014-06-04,22.765715,23.138929,22.718214,23.029285,335482000,82.24275065145873,0.6603220091874782,21.783374900000002
2014-06-05,23.078571,23.191786,22.950357,23.119642,303805600,83.43839339227551,0.6787527315974309,21.8816249
2014-06-06,23.210714,23.259287,23.016787,23.05607,349938400,79.06841173005998,0.6803864117579721,21.984446249999998
2014-06-09,23.174999,23.469999,22.9375,23.424999,301660000,84.54775935342188,0.7033429029178215,22.110089
2014-06-10,23.682501,23.762501,23.3925,23.5625,251108000,86.12686483061253,0.7242821948189189,22.22958895
2014-06-11,23.532499,23.690001,23.3675,23.465,182724000,79.41322471479873,0.7246559170227016,22.3425533
2014-06-12,23.51,23.530001,22.975,23.0725,218996000,58.131286134542925,0.6853799909200085,22.4356962
2014-06-13,23.049999,23.110001,22.719999,22.82,218100000,48.3969776337515,0.6266552056154033,22.52523195
2014-06-16,22.877501,23.1875,22.862499,23.049999,142244000,56.192648982508224,0.5918518871503551,22.61074975
2014-06-17,23.077499,23.174999,22.950001,23.02,118904000,54.92990629852288,0.5554464964765984,22.6821247
2014-06-18,23.067499,23.0725,22.8375,23.045,134056000,55.89355215528702,0.522588181886313,22.7545354
2014-06-19,23.0725,23.075001,22.834999,22.965,142112000,51.76179230395395,0.4845073008610399,22.820088950000002
2014-06-20,22.9625,23.137501,22.725,22.727501,403592000,41.21061262021292,0.4302046128684651,22.872053349999998
2014-06-23,22.83,22.905001,22.65,22.7075,174776000,40.4014690557431,0.3811616338102546,22.91076765
2014-06-24,22.6875,22.934999,22.547501,22.57,156144000,34.90480157612737,0.32742526407735895,22.922071199999998
2014-06-25,22.5525,22.674999,22.4125,22.59,147476000,36.37377041600349,0.28318821925440574,22.9372676
2014-06-26,22.592501,22.762501,22.450001,22.725,130516000,45.97466421382463,0.25607158049847456,22.9389105
2014-06-27,22.705,23.0,22.692499,22.995001,256116000,60.043096295133,0.25344669736492165,22.9583034
2014-06-30,23.025,23.432501,23.022499,23.2325,197929200,68.4691941148882,0.26744767271766534,22.9973391
2014-07-01,23.379999,23.5175,23.282499,23.379999,152892000,72.64838096389438,0.2871355631197474,23.0278748
2014-07-02,23.467501,23.514999,23.272499,23.370001,113860000,71.89480837207462,0.29849078707443155,23.0449106
2014-07-03,23.4175,23.525,23.299999,23.5075,91567200,75.9049537357865,0.3149543068443492,23.0643035
2014-07-07,23.535,23.997499,23.525,23.9925,225872000,84.8188454636423,0.36295331171427847,23.111125
2014-07-08,24.067499,24.200001,23.48,23.8375,260888000,74.53747483634635,0.38405847721962516,23.13175005
2014-07-09,23.860001,23.987499,23.690001,23.8475,145744000,74.76768833771932,0.39701484931389786,23.14600005
2014-07-10,23.440001,23.887501,23.379999,23.76,158744000,68.45000777106358,0.39566141036424085,23.16075005
2014-07-11,23.84,23.9725,23.715,23.805,136072000,69.9723633811956,0.3936818053710418,23.19737505
2014-07-14,23.965,24.2225,23.9125,24.112499,171240000,78.31431940232346,0.41217426521544454,23.261999999999997
2014-07-15,24.200001,24.2125,23.7575,23.83,181911600,60.345752268447484,0.39942998429336285,23.301000050000003
2014-07-16,24.2425,24.275,23.684999,23.695,213585200,53.50183725605448,0.37412400939095747,23.33475005
2014-07-17,23.7575,23.82,23.1425,23.272499,229192000,37.8347175740318,0.31633008592735834,23.346125
2014-07-18,23.405001,23.684999,23.254999,23.6075,199952000,51.08506096689639,0.2941687716931689,23.37825
2014-07-21,23.747499,23.75,23.43,23.485001,156316000,46.82702775253724,0.26368156798611864,23.416125
2014-07-22,23.67,23.7225,23.530001,23.68,220788000,53.95469068800163,0.25234613980553533,23.464750000000002
2014-07-23,23.855,24.469999,23.7925,24.297501,371672000,69.20523117803924,0.2898487058770911,23.55112505
2014-07-24,24.26,24.33,24.105,24.2575,182916000,67.51525065947553,0.31273697609409723,23.634500050000003
2014-07-25,24.2125,24.459999,24.16,24.4175,173876000,70.83840129264078,0.3398689601547815,23.71912505
2014-07-28,24.455,24.809999,24.387501,24.754999,221272000,76.70333987724196,0.38417605923190123,23.80712495
2014-07-29,24.8325,24.860001,24.5625,24.594999,172572000,69.0252306214003,0.40174799088227076,23.8752499
2014-07-30,24.610001,24.674999,24.4175,24.5375,132040000,66.24500372552066,0.40635003430199035,23.93312495
2014-07-31,24.290001,24.362499,23.8325,23.9,227372000,43.55353966266892,0.35447015339947896,23.9596249
2014-08-01,23.725,24.155001,23.702499,24.032499,194044000,47.88239469831274,0.3203536979527861,23.98587485
2014-08-04,24.092501,24.145,23.7925,23.897499,159832000,43.88210250773022,0.27920429613041975,23.9811248
2014-08-05,23.84,23.92,23.59,23.780001,223732000,40.45060003800872,0.23440986112850482,23.97824985
2014-08-06,23.6875,23.870001,23.6775,23.74,154232000,39.23209983534756,0.1934522056582999,23.97287485
2014-08-07,23.7325,23.987499,23.525,23.620001,186844000,35.49042996875012,0.14958572110861112,23.9658749
2014-08-08,23.565001,23.705,23.32,23.684999,167460000,39.15734802128219,0.11869773781630855,23.95987485
2014-08-11,23.817499,24.02,23.709999,23.997499,146340000,53.86656790669877,0.11807384506232665,23.954124850000003
2014-08-12,24.01,24.219999,23.9025,23.9925,135180000,53.62461791026477,0.11584068868741326,23.96224985
2014-08-13,24.0375,24.309999,24.01,24.309999,127664000,65.20512566151599,0.13809849849410227,23.9929998
2014-08-14,24.3325,24.3925,24.200001,24.375,112464000,67.16360944208029,0.1591484463655064,24.04812485
2014-08-15,24.475,24.547501,24.215,24.495001,195804000,70.71400183536579,0.18339964260246688,24.0924999
2014-08-18,24.622499,24.842501,24.495001,24.790001,190288000,77.64602058831039,0.22384260669008782,24.1577499
2014-08-19,24.852501,25.17,24.83,25.1325,277596000,83.073052987176,0.2802996343178279,24.230374899999997
2014-08-20,25.110001,25.272499,24.987499,25.1425,210796000,83.21188733502629,0.3221357712419177,24.27262485
2014-08-21,25.1425,25.235001,25.0275,25.145,133912000,83.25195271506222,0.35144173867541895,24.31699985
2014-08-22,25.0725,25.3675,25.047501,25.33,176736000,86.11316005681797,0.38515505516974713,24.36262485
2014-08-25,25.4475,25.5425,25.32,25.385,161080000,86.88998994733913,0.411566855213227,24.3941249
2014-08-26,25.355,25.375,25.215,25.2225,132608000,72.84396215537205,0.4146066774101058,24.42549995
2014-08-27,25.254999,25.6425,25.174999,25.532499,209476000,80.02910031996309,0.43699270702407134,24.4752499
2014-08-28,25.397499,25.695,25.389999,25.5625,273840000,80.6084016859783,0.4519448874108072,24.558374899999997
2014-08-29,25.715,25.725,25.549999,25.625,178380000,81.88550004947683,0.46349494455242635,24.63799995
2014-09-02,25.764999,25.934999,25.68,25.825001,214256000,85.46038842653608,0.48321663667703163,24.73437505
2014-09-03,25.775,25.799999,24.645,24.735001,501684000,37.90140485724508,0.40620979561594694,24.782125049999998
2014-09-04,24.7125,25.022499,24.4475,24.530001,342872000,33.77698612976731,0.3248943526693324,24.8216251
2014-09-05,24.700001,24.8475,24.577499,24.7425,233828000,41.478446857456994,0.2744346597320195,24.87775005
2014-09-08,24.825001,24.827499,24.512501,24.59,185426800,37.79806042699243,0.2196080095990034,24.9230001
2014-09-09,24.77,25.77,24.035,24.497499,759385200,35.56491946364916,0.1667710043996422,24.948000099999998
2014-09-10,24.502501,25.2775,24.440001,25.25,403478400,58.71478992207244,0.18350253588846144,25.0108751
2014-09-11,25.102501,25.360001,24.905001,25.3575,249412400,61.04724121522092,0.20309558721573495,25.063250150000002
2014-09-12,25.3025,25.547501,25.27,25.415001,250504400,62.37378721636347,0.22071876318763017,25.1152502
2014-09-15,25.702499,25.762501,25.360001,25.407499,245266000,62.05213299179117,0.23141233110649395,25.160875100000002
2014-09-16,24.950001,25.315001,24.7225,25.215,267632400,53.753739318184415,0.22179725946336504,25.182125050000003
2014-09-17,25.317499,25.450001,25.147499,25.395,243706000,59.64165384834208,0.22609545393712338,25.195250050000002
2014-09-18,25.4825,25.5875,25.389999,25.4475,149197600,61.31749574637637,0.23107443303835495,25.21050005
2014-09-19,25.5725,25.5875,25.125,25.24,283609600,51.46364817650451,0.21578930916566463,25.21525005
2014-09-22,25.450001,25.535,25.145,25.264999,211153600,52.535758071452264,0.20334886955982157,25.212
2014-09-23,25.15,25.735001,25.135,25.66,253608800,66.27013867241246,0.2227947716400287,25.22575
2014-09-24,25.540001,25.7125,25.299999,25.4375,240687200,55.6816651824477,0.21774190550184258,25.2365
2014-09-25,25.127501,25.1775,24.43,24.467501,400368000,30.71837665625948,0.13392288040209976,25.183250100000002
2014-09-26,24.6325,25.1875,24.6,25.1875,249482000,50.09380901215019,0.12416233503447316,25.1645001
2014-09-29,24.6625,25.110001,24.657499,25.0275,199065200,46.707294521722126,0.10233669595688255,25.1346251
2014-09-30,25.202499,25.385,25.1325,25.1875,221056400,50.60325052331089,0.09683413889088399,25.102750049999997
2014-10-01,25.147499,25.172501,24.674999,24.795,205965200,41.84768535377371,0.06010895442161157,25.10575
2014-10-02,24.817499,25.055,24.51,24.975,191031200,46.77490423431282,0.045009633775642044,25.12799995
2014-10-03,24.860001,25.0525,24.76,24.905001,173878400,45.04336707064453,0.02708278559118682,25.136125
2014-10-06,24.987499,25.1625,24.855,24.905001,148204800,45.04336707064453,0.01272889843139069,25.15187505
2014-10-07,24.8575,25.030001,24.682501,24.6875,168376800,38.94597049893996,-0.01601259035114566,25.1613751
2014-10-08,24.690001,25.2775,24.577499,25.200001,229618800,55.504171250982985,0.0025348995240896954,25.15887515
2014-10-09,25.385,25.594999,25.1525,25.254999,309506000,56.96539135421961,0.021424825785032908,25.1537501
2014-10-10,25.172501,25.5075,25.075001,25.182501,265326400,54.22674596681417,0.030197151764006946,25.142125099999998
2014-10-13,25.3325,25.445,24.952499,24.952499,214333600,46.035179921070345,0.018378191755925144,25.1193751
2014-10-14,25.0975,25.129999,24.6425,24.6875,254754400,38.26524615494223,-0.012230636646489046,25.0930001
2014-10-15,24.4925,24.7875,23.795,24.385,403734400,31.242576400551457,-0.0602035861167991,25.0425001
2014-10-16,23.887501,24.43,23.852501,24.065001,288618000,25.47295739660602,-0.12263013529021194,24.973375150000003
2014-10-17,24.375,24.75,24.202499,24.4175,272718800,39.767951661086194,-0.14202275204669945,24.932250149999998
2014-10-20,24.58,24.99,24.555,24.940001,310069200,54.77057460309924,-0.11391691329982123,24.91600025
2014-10-21,25.754999,25.754999,25.317499,25.6175,378495600,67.14881522730772,-0.03655296655170659,24.913875249999997
2014-10-22,25.709999,26.0275,25.65,25.747499,273052400,69.04527215353608,0.03484666086122701,24.9293752
2014-10-23,26.02,26.262501,25.907499,26.2075,284298800,75.00260929045659,0.12708466341140578,25.01637515
2014-10-24,26.295,26.372499,26.1325,26.305,188215600,76.13819797394771,0.20568042423093047,25.07225015
2014-10-27,26.2125,26.370001,26.174999,26.2775,136750800,75.01679996740728,0.2627206308646777,25.134750150000002
2014-10-28,26.35,26.684999,26.3375,26.684999,192243600,80.08708774090087,0.33692332687841287,25.209625100000004
2014-10-29,26.6625,26.842501,26.59,26.834999,210751600,81.68347795988797,0.40318557216691886,25.31162505
2014-10-30,26.74,26.8375,26.475,26.745001,162619200,77.34322592675748,0.4433264016987444,25.4001251
2014-10-31,27.002501,27.01,26.8025,27.0,178557200,80.72820046455007,0.490065417409447,25.504875050000003
2014-11-03,27.055,27.575001,27.002501,27.35,209130400,84.44869401089876,0.5490197412009081,25.627125
2014-11-04,27.34,27.372499,26.93,27.15,166297600,74.81926640164903,0.5729979750409377,25.75025
2014-11-05,27.275,27.325001,27.032499,27.215,149743600,75.86284177737122,0.5904396343168514,25.85099995
2014-11-06,27.15,27.1975,26.950001,27.174999,139874000,73.67076919360039,0.5941851322188683,25.946999950000002
2014-11-07,27.1875,27.33,27.137501,27.252501,134766000,75.28503369692014,0.5965307943105458,26.05049995
2014-11-10,27.254999,27.3325,27.1675,27.2075,108782000,72.28291255251833,0.5879806686637394,26.163249999999998
2014-11-11,27.174999,27.4375,27.1,27.424999,109769200,77.371117166766,0.5919315654514072,26.300124950000004
2014-11-12,27.344999,27.8575,27.342501,27.8125,187769600,83.62094620394421,0.6191930992257788,26.471499950000002
2014-11-13,27.950001,28.362499,27.9,28.205,238091600,87.65127701846481,0.6648060604538379,26.6784999
2014-11-14,28.2875,28.547501,27.8025,28.545,176254400,90.11056510983721,0.7200890806700748,26.8848749
2014-11-17,28.567499,29.32,28.325001,28.497499,186986800,87.27747645920054,0.75140659131619,27.0627498
2014-11-18,28.485001,28.922501,28.4725,28.8675,176896000,90.10470102801183,0.7968958137162367,27.2252498
2014-11-19,28.860001,28.934999,28.450001,28.6675,167476800,79.02953250130511,0.8074996681468534,27.371249849999998
2014-11-20,28.727501,29.215,28.7125,29.077499,173582000,83.7936943782208,0.8393117288187426,27.514749799999997
2014-11-21,29.377501,29.3925,29.0075,29.1175,228717200,84.2022108303471,0.8578618649141703,27.655374799999997
2014-11-24,29.2125,29.692499,29.155001,29.657499,189803200,88.69166164546465,0.9056960870411963,27.824374749999997
2014-11-25,29.7675,29.9375,29.362499,29.4,275361600,76.58390237887109,0.9123104880006494,27.9601248
2014-11-26,29.485001,29.775,29.4575,29.75,163073200,80.75095875620055,0.9350162381768499,28.10587485
2014-11-28,29.817499,29.85,29.512501,29.7325,99257600,79.92131004238415,0.9407541764838214,28.2552498
2014-12-01,29.702499,29.8125,27.817499,28.7675,335256000,48.117212744546194,0.8575488098982973,28.343624799999997
2014-12-02,28.375,28.9375,28.1875,28.657499,237395600,45.69874202333545,0.7738117755660738,28.40899975
2014-12-03,28.9375,29.0875,28.7775,28.9825,172253600,53.717262833434496,0.7253134748719816,28.500624749999997
2014-12-04,28.942499,29.299999,28.8225,28.872499,168178000,50.75758753607457,0.6702755415661024,28.583499699999997
2014-12-05,28.997499,29.02,28.66,28.75,153275600,47.36689937935706,0.6097441859382364,28.66224975
2014-12-08,28.525,28.6625,27.905001,28.1,230659600,33.509484338281595,0.5035188311193863,28.7046247
2014-12-09,27.547501,28.575001,27.3375,28.530001,240832000,45.757134903307296,0.44885780576423073,28.77074975
2014-12-10,28.602501,28.7125,27.885,27.987499,178261200,35.99731396848257,0.3576405146083097,28.79887475
2014-12-11,28.065001,28.450001,27.834999,27.905001,165606800,34.68477917010809,0.2755172635362122,28.803499800000004
2014-12-12,27.615,27.967501,27.395,27.432501,224112400,27.889759955238006,0.17034357949355083,28.76487485
2014-12-15,27.674999,27.9,26.5875,27.057501,268872400,23.607458513969064,0.05608677769951598,28.690499900000002
2014-12-16,26.592501,27.540001,26.565001,26.6875,243162800,20.06163439384018,-0.06358557444908186,28.59999995
2014-12-17,26.780001,27.459999,26.705,27.352501,213647200,39.207806510235926,-0.10357282955754243,28.524250000000002
2014-12-18,27.967501,28.1625,27.665001,28.1625,236024800,54.64480088797342,-0.06910625359342859,28.499000000000002
2014-12-19,28.065001,28.309999,27.915001,27.945,353719200,50.6181603825608,-0.05866541768315159,28.44237505
2014-12-22,28.040001,28.372499,27.9925,28.235001,180670000,55.69647198684514,-0.02668274091375622,28.398250100000002
2014-12-23,28.307501,28.3325,28.115,28.135,104113600,53.48375627772071,-0.009298299103960517,28.322125149999998
2014-12-24,28.145,28.1775,28.002501,28.002501,57918400,50.389253313853715,-0.0061417672119112865,28.252250200000002
2014-12-26,28.025,28.629999,28.002501,28.497499,134884000,60.380425475064825,0.0358883106774357,28.18962515
2014-12-29,28.4475,28.692499,28.424999,28.477501,110395600,59.81266683124487,0.06681359323259528,28.1268752
2014-12-30,28.41,28.48,28.0275,28.129999,119526000,50.23626311867546,0.0625604374768649,28.095000150000004
2014-12-31,28.205,28.282499,27.5525,27.594999,165613600,39.01615561970702,0.01583719080241508,28.04187515
2015-01-02,27.8475,27.860001,26.8375,27.3325,212818400,34.59339405937803,-0.04188991346734028,27.959375150000007
2015-01-05,27.0725,27.1625,26.352501,26.5625,257142000,24.924362591420206,-0.14806482520612363,27.843875200000003
2015-01-06,26.635,26.8575,26.157499,26.565001,263188400,25.003795203127865,-0.22936343895923628,27.73462525
2015-01-07,26.799999,27.049999,26.674999,26.9375,160423600,36.65045802062028,-0.2607300857577215,27.676500249999997
2015-01-08,27.307501,28.0375,27.174999,27.9725,237458000,57.86284216099769,-0.19976970834049723,27.648625199999998
2015-01-09,28.1675,28.3125,27.5525,28.002501,214798000,58.334647912633194,-0.14733890884448186,27.649375300000003
2015-01-12,28.15,28.157499,27.200001,27.3125,198603200,44.85759922744696,-0.15962438606163332,27.61975025
2015-01-13,27.8575,28.200001,27.227501,27.555,268367600,49.62911747168507,-0.14808594928233987,27.625875199999996
2015-01-14,27.26,27.622499,27.125,27.450001,195826400,47.55063003589852,-0.1457342629249716,27.645500199999997
2015-01-15,27.5,27.514999,26.665001,26.705,240056000,35.30951276876084,-0.20166126349483804,27.6463752
2015-01-16,26.7575,26.895,26.299999,26.497499,314053200,32.58381996121341,-0.2597333663516359,27.6036251
2015-01-20,26.959999,27.2425,26.625,27.18,199599600,47.990190367766296,-0.2478270040160595,27.554500099999995
2015-01-21,27.237499,27.764999,27.067499,27.387501,194303600,51.889932182036276,-0.21912163177005084,27.52662515
2015-01-22,27.565001,28.1175,27.43,28.1,215185600,63.00288174854615,-0.13729702808135968,27.5198751
2015-01-23,28.075001,28.4375,27.8825,28.245001,185859200,64.92644591588649,-0.060057762763079836,27.525375150000002
2015-01-26,28.434999,28.59,28.200001,28.275,222460000,65.36114119772196,0.003534832717207337,27.5390001
2015-01-27,28.105,28.120001,27.2575,27.285,382274800,44.247303930801905,-0.02565655068391237,27.478375149999998
2015-01-28,29.407499,29.530001,28.827499,28.827499,585908400,64.8734930263507,0.07481344295548453,27.495875049999995
2015-01-29,29.08,29.797501,28.889999,29.725,337745600,71.92432243134262,0.22427219645694407,27.575625099999996
2015-01-30,29.6,30.0,29.2125,29.290001,334982000,64.59287137198436,0.3041129270184051,27.660375200000004
2015-02-02,29.512501,29.7925,29.02,29.657499,250956400,67.82538950355155,0.3925166113384293,27.776625149999994
2015-02-03,29.625,29.772499,29.4025,29.6625,207662800,67.87195703291495,0.45770457356821126,27.931625149999995
2015-02-04,29.625,30.127501,29.577499,29.889999,280598800,70.16379009338715,0.5217098251890633,28.09787505
2015-02-05,30.004999,30.057501,29.8125,29.985001,168984800,71.1658772519906,0.5734894858585164,28.2502501
2015-02-06,30.004999,30.0625,29.612499,29.7325,174826400,64.45337211910007,0.5873795734387599,28.338250100000003
2015-02-09,29.637501,29.959999,29.6075,29.93,155559200,67.27047861627449,0.6073233221305294,28.43462505
2015-02-10,30.0425,30.5375,30.040001,30.504999,248034000,74.21218427287036,0.6618965688590634,28.59425
2015-02-11,30.692499,31.23,30.625,31.219999,294247200,80.27985907242856,0.7541474422918597,28.777499950000003
2015-02-12,31.514999,31.870001,31.3925,31.615,297898000,82.87664184732589,0.8493395460663606,28.985749900000002
2015-02-13,31.82,31.82,31.4125,31.77,217088800,83.85022357534754,0.9266058433704139,29.2389999
2015-02-17,31.872499,32.220001,31.73,31.9575,252609600,85.04984837402021,0.9915397703935902,29.51199995
2015-02-18,31.907499,32.195,31.862499,32.18,179566800,86.4439301540993,1.048863618968511,29.76199995
2015-02-19,32.119999,32.2575,32.0825,32.112499,149449600,83.68206775225649,1.0764379092312666,29.99824985
2015-02-20,32.154999,32.375,32.012501,32.375,195793600,85.74797847082883,1.1067148499302242,30.21199985
2015-02-23,32.505001,33.25,32.415001,33.25,283896400,90.4499206473346,1.1876245345242147,30.462249800000002
2015-02-24,33.235001,33.400002,32.7925,33.0425,276912400,82.8845336266805,1.2209284237699443,30.700624800000003
2015-02-25,32.889999,32.900002,32.037498,32.197498,298846800,59.31410939959322,1.1656999333069713,30.946249700000003
2015-02-26,32.197498,32.717499,31.6525,32.605,365150000,64.92587523641235,1.1416527007982928,31.13512475
2015-02-27,32.5,32.642502,32.060001,32.115002,248059200,54.39984265714952,1.0707138297353893,31.25462485
2015-03-02,32.3125,32.57,32.075001,32.272499,192386800,57.01324528979756,1.0154969383928325,31.403749749999996
2015-03-03,32.240002,32.380001,32.022499,32.34,151265200,58.21078227475381,0.9660479216612714,31.537874800000004
2015-03-04,32.275002,32.389999,32.080002,32.134998,126665200,52.981158928367776,0.8999432855136291,31.6614997
2015-03-05,32.145,32.1875,31.440001,31.602501,226068400,41.643568380338024,0.7954177468165966,31.7471248
2015-03-06,32.099998,32.342499,31.565001,31.65,291368400,42.91483506416545,0.708249022802498,31.830374749999997
2015-03-09,31.99,32.392502,31.264999,31.785,354114000,46.760554135208736,0.6426524552951278,31.93299975
2015-03-10,31.602501,31.805,30.950001,31.127501,275426400,33.816052761166574,0.5314853957916874,31.9928748
2015-03-11,31.1875,31.192499,30.5275,30.559999,275756000,26.44448476290914,0.39306106830845877,31.9956248
2015-03-12,30.577499,31.225,30.407499,31.112499,193450800,41.042335281035214,0.32420370554172706,31.990249799999997
2015-03-13,31.1,31.35,30.645,30.897499,207309200,37.650051241702194,0.24941000302601068,31.95437475
2015-03-16,30.969999,31.237499,30.717501,31.237499,143497200,45.89989131251602,0.21509117623419982,31.9277497
2015-03-17,31.475,31.83,31.4125,31.76,204092400,56.27310002705777,0.22743301648295855,31.9178747
2015-03-18,31.75,32.290001,31.592501,32.1175,261083600,62.077387765265016,0.2630292387122388,31.914749700000005
2015-03-19,32.1875,32.3125,31.85,31.875,183238000,56.176253413487196,0.26857580326552366,31.902874750000002
2015-03-20,32.0625,32.099998,31.290001,31.475,274780400,47.48887078902744,0.23795187745096413,31.857874749999997
2015-03-23,31.780001,31.9625,31.629999,31.8025,150838800,54.247371050967935,0.23737242699852246,31.785499749999996
2015-03-24,31.807501,32.009998,31.639999,31.672501,131369200,51.19589733315861,0.22384305211985023,31.716999799999996
2015-03-25,31.635,31.705,30.844999,30.844999,206620800,36.1109038559106,0.1446806410084136,31.649374849999997
2015-03-26,30.690001,31.219999,30.65,31.059999,190291600,41.3493113658427,0.09816102385832792,31.572124800000005
2015-03-27,31.1425,31.174999,30.727501,30.8125,158184800,37.24770623281038,0.04085187624662723,31.506999700000005
2015-03-30,31.012501,31.6,31.0,31.592501,188398800,54.01803548720479,0.05770830046827058,31.472999800000004
2015-03-31,31.522499,31.622499,31.09,31.1075,168362400,45.246235845655455,0.0315677177305993,31.411374799999997
2015-04-01,31.205,31.280001,30.775,31.0625,162485600,44.46464154761187,0.0071377145289446275,31.357749899999998
2015-04-02,31.2575,31.389999,31.047501,31.33,128880400,50.40600455061243,0.009255088493134167,31.344124850000004
2015-04-06,31.1175,31.877501,31.0825,31.8375,148776000,59.90125348209792,0.051292859109029365,31.353499850000002
2015-04-07,31.91,32.029999,31.495001,31.502501,140049200,52.2040076775727,0.05692033341938085,31.339374899999996
2015-04-08,31.4625,31.6,31.2425,31.4,149316800,49.914422134907205,0.052503940546650085,31.352999850000003
2015-04-09,31.4625,31.645,31.165001,31.639999,129936000,55.27301512078496,0.06759068754895736,31.40699985
2015-04-10,31.487499,31.8025,31.315001,31.775,160752000,58.20736678933127,0.08940983477243591,31.4401249
2015-04-13,32.092499,32.142502,31.6525,31.7125,145460400,56.21537531998597,0.10049993775638555,31.480874949999997
2015-04-14,31.75,31.8225,31.477501,31.575001,102098400,51.676301395901945,0.09707488524801278,31.49775005
2015-04-15,31.602501,31.782499,31.502501,31.695,115881600,55.34730408588983,0.10285774285258142,31.49450005
2015-04-16,31.57,31.775,31.5275,31.5425,113476000,49.74446318048347,0.09405106157009158,31.465750049999997
2015-04-17,31.387501,31.535,31.115,31.1875,207828000,39.01750451115026,0.05776034476392056,31.431375049999996
2015-04-20,31.3925,32.029999,31.2925,31.9,188217200,59.47830959475819,0.08550681627175649,31.45262505
2015-04-21,32.025002,32.049999,31.6675,31.727501,129740400,54.32955517487661,0.09251046413376685,31.448875100000002
2015-04-22,31.747499,32.217499,31.58,32.154999,150618000,63.47202360386789,0.13104580688453282,31.473000000000003
2015-04-23,32.075001,32.605,32.035,32.4175,183083600,68.05340518794937,0.18068416594128678,31.551625050000002
2015-04-24,32.622501,32.657501,32.307499,32.57,178103600,70.55633351290099,0.22968078154482896,31.627125099999994
2015-04-27,33.077499,33.282501,32.787498,33.162498,387816800,78.27244550146416,0.3127157962593472,31.744624999999996
2015-04-28,33.615002,33.634998,32.392502,32.639999,475696000,61.650296634093486,0.3325271747820082,31.796999899999996
2015-04-29,32.540001,32.897499,32.075001,32.16,253544400,50.22001864231014,0.3059689080999668,31.8496249
2015-04-30,32.16,32.16,31.145,31.2875,332781600,36.046993368147085,0.21207318453882706,31.8608749
2015-05-01,31.525,32.532501,31.325001,32.237499,234050400,52.9238377287672,0.21187476654034398,31.906249850000002
2015-05-04,32.375,32.642502,32.064999,32.174999,203953200,51.87314312660654,0.20431902860374862,31.9231248
2015-05-05,32.037498,32.112499,31.445,31.450001,197085600,40.887623154323265,0.1382362706351472,31.920499799999998
2015-05-06,31.639999,31.6875,30.84,31.252501,288564000,38.30917760696444,0.06913170219096898,31.913124849999996
2015-05-07,31.192499,31.52,31.004999,31.315001,175763600,39.71280199484386,0.019187875607173055,31.89687495
2015-05-08,31.67,31.905001,31.5275,31.905001,222201600,51.79267042564385,0.02690495876109722,31.903375
2015-05-11,31.8475,31.889999,31.407499,31.58,168143200,45.88414361687875,0.006718491616606315,31.896749999999997
2015-05-12,31.4,31.719999,31.205,31.467501,192640000,43.86334334188826,-0.01814795975433725,31.891375
2015-05-13,31.5375,31.797501,31.467501,31.502501,138776800,44.74659804083332,-0.03463138507625274,31.88175005
2015-05-14,31.852501,32.237499,31.790001,32.237499,180814000,60.11973128617244,0.011481229102599855,31.916500000000003
2015-05-15,32.267502,32.372501,32.052502,32.192501,152832000,58.948269112555124,0.043888921361219246,31.96675005
2015-05-18,32.095001,32.68,32.09,32.547501,203531600,65.19112314920852,0.09709849311527563,31.999125100000004
2015-05-19,32.672501,32.720001,32.41,32.517502,178532800,64.22817587071785,0.13528728587854388,32.038625149999994
2015-05-20,32.5,32.744999,32.334999,32.514999,145819600,64.13595770233042,0.16346587524146017,32.056625149999995
2015-05-21,32.517502,32.907501,32.4575,32.8475,158921600,70.66384922714286,0.21020455493899703,32.07812515
2015-05-22,32.900002,33.2425,32.849998,33.134998,182384000,75.21473486264496,0.2673619985203928,32.106375050000004
2015-05-26,33.150002,33.227501,32.279999,32.404999,282790400,51.53303994088223,0.2508630725682579,32.0685001
2015-05-27,32.584999,33.064999,32.512501,33.009998,183332800,62.84436977554347,0.2833397536875992,32.08700005
2015-05-28,32.965,32.987499,32.775002,32.945,122933200,61.058274830332984,0.30037047816927753,32.126250049999996
2015-05-29,32.807499,32.862499,32.474998,32.57,203538000,51.25345957151171,0.28037608306895123,32.19037505
2015-06-01,32.57,32.8475,32.512501,32.634998,128451200,52.786578602375634,0.26670081530579637,32.210249999999995
2015-06-02,32.465,32.665001,32.330002,32.490002,134670400,48.79274348553584,0.24138061617163942,32.22600015
2015-06-03,32.665001,32.735001,32.474998,32.529999,123934000,50.00996123642269,0.22198272093922355,32.28000005
2015-06-04,32.395,32.645,32.227501,32.34,153800400,44.18868115485791,0.18909860677205614,32.334375
2015-06-05,32.375,32.422501,32.09,32.162498,142507200,39.2136279809254,0.14702002607958775,32.376749849999996
2015-06-08,32.224998,32.302502,31.7075,31.950001,210699200,33.88526380237465,0.09542570757604096,32.37899985
2015-06-09,31.674999,32.02,31.405001,31.855,224301600,31.642662558154115,0.04633690866212703,32.392749849999994
2015-06-10,31.98,32.334999,31.9625,32.220001,156349200,47.281845319712374,0.036465856422886134,32.43037485
2015-06-11,32.294998,32.544998,32.119999,32.147499,141563600,44.901226601948316,0.022532925393029757,32.46262475
2015-06-12,32.047501,32.0825,31.7775,31.7925,147544800,34.87148399110745,-0.016958982683284773,32.4403748
2015-06-15,31.525,31.809999,31.4275,31.73,175955600,33.34173742429002,-0.05269242653016448,32.417249749999996
2015-06-16,31.7575,31.9625,31.592501,31.9,125976400,41.48719801441363,-0.06652697738990554,32.3848747
2015-06-17,31.93,31.969999,31.684999,31.825001,131672400,39.03226975817733,-0.0825906969821304,32.35024965
2015-06-18,31.807501,32.077499,31.805,31.969999,141628800,46.211348047299985,-0.08266823572837723,32.32299965
2015-06-19,31.9275,31.955,31.6,31.65,218867600,35.46042035856428,-0.10731388305687162,32.263124649999995
2015-06-22,31.872499,32.014999,31.77,31.9025,136157200,46.84465406858864,-0.10525775053011444,32.201499749999996
2015-06-23,31.870001,31.9025,31.719999,31.7575,121075600,41.89379276456387,-0.11401425353017913,32.1691248
2015-06-24,31.8025,32.450001,31.780001,32.0275,221123600,52.743638338764256,-0.09803699230766938,32.119999899999996
2015-06-25,32.215,32.299999,31.875,31.875,127752400,46.964967898203064,-0.09656720653724093,32.0664999
2015-06-26,31.9175,31.997499,31.627501,31.6875,176267200,40.58648365752498,-0.10927244895029276,32.0223749
2015-06-29,31.365,31.6175,31.120001,31.1325,196645600,27.62846269327791,-0.16225493290410498,31.947250000000004
2015-06-30,31.3925,31.530001,31.215,31.3575,177482800,37.12322001787879,-0.18396764901715557,31.8906249
2015-07-01,31.725,31.735001,31.497499,31.65,120955200,47.55804334415085,-0.17554920552718656,31.84662495
2015-07-02,31.6075,31.672501,31.442499,31.610001,108844000,46.33133952513638,-0.1701438015902923,31.810125
2015-07-06,31.235001,31.557501,31.2125,31.5,112241600,42.790114861418054,-0.17274484635095533,31.7770001
2015-07-07,31.4725,31.5375,30.942499,31.422501,187787200,40.260775981479746,-0.1789963561053085,31.7506251
2015-07-08,31.120001,31.16,30.635,30.6425,243046400,23.7655720193287,-0.24407672008829095,31.690000100000002
2015-07-09,30.9625,31.014999,29.805,30.0175,314380000,17.18398003142498,-0.34214165802266194,31.57987505
2015-07-10,30.485001,30.9625,30.3025,30.82,245418000,41.46670691820916,-0.3510570178513355,31.513500099999998
2015-07-13,31.2575,31.440001,31.08,31.415001,165762000,53.308998146896045,-0.30657686936552864,31.494625149999997
2015-07-14,31.51,31.592501,31.26,31.4025,127072400,53.0459357679695,-0.2692312274536697,31.47825015
2015-07-15,31.43,31.7875,31.395,31.705,134596800,58.78731861484908,-0.2127726051300911,31.46850015
2015-07-16,31.934999,32.142502,31.8375,32.127499,144889600,65.63451640849692,-0.13241025880671842,31.48362505
2015-07-17,32.27,32.404999,32.077499,32.404999,184658800,69.51552666057542,-0.04580260560399907,31.505375049999998
2015-07-20,32.7425,33.2425,32.674999,33.017502,235600800,76.38351576736125,0.07143499853606983,31.573750150000002
2015-07-21,33.212502,33.23,32.580002,32.6875,307025600,66.90835867531979,0.13614880236619342,31.613000149999998
2015-07-22,30.497499,31.375,30.497499,31.305,461802400,41.65390945993783,0.07501404693547897,31.59037515
2015-07-23,31.549999,31.772499,31.264999,31.290001,203998000,41.45585376108757,0.02506508416855624,31.553500200000002
2015-07-24,31.33,31.434999,30.975,31.125,168649200,39.07154124544983,-0.027516833488352432,31.5160002
2015-07-27,30.772499,30.9025,30.530001,30.692499,177822000,33.22739656654622,-0.10290141474674996,31.46625015
2015-07-28,30.844999,30.977501,30.637501,30.844999,134472400,37.09779607117938,-0.14862550074980518,31.451875099999995
2015-07-29,30.7875,30.875,30.567499,30.747499,148046800,35.56033241067172,-0.19053325473225868,31.42137505
2015-07-30,30.58,30.6425,30.4275,30.592501,134513200,33.022109111257905,-0.23356015879563685,31.3685001
2015-07-31,30.65,30.66,30.227501,30.325001,171540000,28.872619484149936,-0.2859480732749695,31.3042501
2015-08-03,30.375,30.6425,29.379999,29.610001,279904000,20.74407221027981,-0.380771105151652,31.20975015
2015-08-04,29.355,29.424999,28.3125,28.66,496554400,14.441641106031753,-0.5265069380447649,31.0716251
2015-08-05,28.237499,29.360001,28.025,28.85,397250400,20.10543761806194,-0.6195306596784604,30.9820001
2015-08-06,28.9925,29.125,28.530001,28.782499,211612000,19.56852130307965,-0.6907370095660745,30.920250050000003
2015-08-07,28.645,29.0625,28.625,28.879999,154681600,23.032243834700765,-0.7308760357222859,30.82325
2015-08-10,29.1325,29.997499,29.1325,29.93,219806400,50.05545638655988,-0.6702341555230475,30.74899995
2015-08-11,29.452499,29.545,28.3325,28.372499,388331200,31.136874510003153,-0.7393298088652607,30.597499900000003
2015-08-12,28.1325,28.855,27.407499,28.809999,404870000,38.72628243788296,-0.7501388841748025,30.452749849999996
2015-08-13,29.01,29.1,28.635,28.7875,194143200,38.47189439949067,-0.7518537336717408,30.285749900000003
2015-08-14,28.58,29.077499,28.502501,28.99,171718000,42.44202664339618,-0.7284752968539898,30.114999950000005
2015-08-17,29.01,29.4125,28.875,29.290001,163538800,48.21715691490987,-0.677925441263401,29.9286249
2015-08-18,29.1075,29.360001,29.002501,29.125,138242800,45.30059713992152,-0.6437576804301663,29.7504999
2015-08-19,29.025,29.129999,28.67,28.752501,193146000,39.07533903825464,-0.6393668173222977,29.622874950000003
2015-08-20,28.52,28.5875,27.907499,28.1625,274006400,31.162095733612105,-0.6757060577099026,29.466499899999995
2015-08-21,27.6075,27.975,26.4125,26.440001,513102000,18.441611341364023,-0.8338839462448071,29.23224995
2015-08-24,23.717501,27.200001,23.0,25.780001,648825200,15.595742976712884,-1.0009591130884523,28.986625049999997
2015-08-25,27.7775,27.7775,25.875,25.934999,414406400,19.019669500428506,-1.1080870060504147,28.741125050000004
2015-08-26,26.772499,27.4725,26.262501,27.422501,387098400,44.31244498851111,-1.0607302155670446,28.574875150000004
2015-08-27,28.057501,28.309999,27.504999,28.23,338464400,53.50885650827633,-0.9471233487716191,28.4567501
2015-08-28,28.0425,28.327499,27.885,28.3225,212657600,54.51276994460448,-0.8399427739459,28.35662505
2015-08-31,28.0075,28.6325,28.0,28.190001,224917200,52.614115332507005,-0.7569671124847694,28.28562505
2015-09-01,27.5375,27.969999,26.84,26.93,307383600,37.949787877577364,-0.7838441855567027,28.19912505
2015-09-02,27.557501,28.084999,27.282499,28.084999,247555200,52.19807786742336,-0.7038323518032996,28.160874999999997
2015-09-03,28.122499,28.195,27.51,27.592501,212935600,46.84667220870791,-0.6724117259075797,28.101375099999995
2015-09-04,27.2425,27.612499,27.127501,27.317499,199985200,43.913803717817565,-0.662069096206853,28.023250099999995
2015-09-08,27.9375,28.139999,27.58,28.077499,219374400,53.333620973498206,-0.58579416870678,27.930625050000003
2015-09-09,28.440001,28.504999,27.442499,27.5375,340043200,46.8157648964362,-0.5624357364066448,27.888875099999996
2015-09-10,27.567499,28.32,27.475,28.1425,251571200,54.1412315016403,-0.48946333803580444,27.85550015
2015-09-11,27.9475,28.5525,27.940001,28.5525,199662000,58.64480934951019,-0.3940067485653671,27.843750149999998
2015-09-14,29.145,29.2225,28.715,28.827499,233453600,61.59605381904466,-0.29279147478009193,27.835625099999998
2015-09-15,28.9825,29.1325,28.605,29.07,173364800,64.22275834407941,-0.19081029475139744,27.824625049999998
2015-09-16,29.0625,29.135,28.860001,29.102501,148694000,64.60133362203308,-0.10614336117049916,27.8235001
2015-09-17,28.915001,29.122499,28.43,28.48,256450400,52.247516531640464,-0.0882574575254047,27.80987505
2015-09-18,28.0525,28.575001,27.967501,28.362499,297141200,50.13617178507188,-0.08261180130744705,27.819875000000003
2015-09-21,28.4175,28.842501,28.415001,28.8025,200888000,57.61838225482475,-0.04214732647790598,27.93799995
2015-09-22,28.344999,28.545,28.129999,28.35,201384800,48.82770518852923,-0.04606094504191205,28.066499900000004
2015-09-23,28.407499,28.68,28.325001,28.58,143026800,53.07328904984726,-0.03025468101037987,28.198749949999996
2015-09-24,28.3125,28.875,28.092501,28.75,200878000,56.206435537086286,-0.0039648196636221655,28.265124899999996
2015-09-25,29.110001,29.172501,28.504999,28.6775,224607600,54.39930384927515,0.010894357399095611,28.2874999
2015-09-28,28.4625,28.6425,28.110001,28.110001,208436000,42.05217228949413,-0.02285856492953542,28.27687495
2015-09-29,28.2075,28.377501,26.965,27.264999,293461600,30.160347525147543,-0.1164502326806911,28.230624849999998
2015-09-30,27.5425,27.885,27.182501,27.575001,265892000,37.70077951046597,-0.16372046544663377,28.262874900000003
2015-10-01,27.2675,27.405001,26.827499,27.395,255716400,35.13129762416577,-0.21324884193907678,28.22837495
2015-10-02,27.002501,27.752501,26.887501,27.594999,232079200,40.397075060837246,-0.23366860310051152,28.228499850000002
2015-10-05,27.469999,27.842501,27.2675,27.695,208258800,43.091865195535895,-0.23902681366174505,28.2473749
2015-10-06,27.657499,27.934999,27.442499,27.827499,192787200,46.80933814998435,-0.2299311687890757,28.2348749
2015-10-07,27.934999,27.942499,27.352501,27.695,187062400,43.49455482293399,-0.2307543738741451,28.2427499
2015-10-08,27.547501,27.547501,27.0525,27.375,247918400,36.25968335839235,-0.254296721175848,28.204374899999998
2015-10-09,27.5,28.07,27.372499,28.030001,211064400,54.38072275144311,-0.21759281981762513,28.178249949999998
2015-10-12,28.182501,28.1875,27.860001,27.9,121868800,51.02197293611146,-0.19672696183249627,28.131875
2015-10-13,27.705,28.112499,27.67,27.9475,132197200,52.278411557124315,-0.17434799091158126,28.075750000000006
2015-10-14,27.8225,27.879999,27.389999,27.5525,177849600,41.860230866431635,-0.18633770895460344,27.99824995
2015-10-15,27.7325,28.025,27.622499,27.965,150694000,53.21860809992249,-0.1607018731312806,27.972499949999996
2015-10-16,27.945,28.0,27.6325,27.76,156930400,47.80381081774916,-0.15513873255025956,27.942375
2015-10-19,27.700001,27.9375,27.5275,27.932501,119036800,52.543987007629084,-0.13525142032808546,27.898875049999997
2015-10-20,27.834999,28.5425,27.705,28.442499,195871200,63.86345391272989,-0.07744526493660686,27.903499999999998
2015-10-21,28.5,28.895,28.424999,28.440001,167180800,63.77652458404973,-0.031472245585032255,27.896500050000004
2015-10-22,28.5825,28.875,28.525,28.875,166616400,71.62368504191741,0.0396059347683142,27.90275005
2015-10-23,29.174999,29.807501,29.0825,29.77,237467600,81.33138115016813,0.16623862952073054,27.957375050000003
2015-10-26,29.52,29.532499,28.73,28.82,265335200,57.12876269016354,0.18777434615557098,27.992875000000005
2015-10-27,28.85,29.135,28.497499,28.637501,279537600,53.55683402885499,0.18794885524377847,28.0615001
2015-10-28,29.2325,29.825001,29.014999,29.817499,342205600,68.44133208409832,0.2800746061790491,28.173624999999998
2015-10-29,29.674999,30.172501,29.567499,30.1325,204909200,71.30544011577727,0.37418945256789726,28.3105
2015-10-30,30.247499,30.305,29.862499,29.875,197461200,65.62535928151324,0.42312057777206036,28.42450005
2015-11-02,30.200001,30.34,29.9025,30.295,128813200,70.15009892172215,0.4901393160058305,28.55450005
2015-11-03,30.1975,30.872499,30.174999,30.6425,182076000,73.51524344163958,0.5647820389410576,28.695250100000003
2015-11-04,30.782499,30.955,30.405001,30.5,179544400,69.7531342548912,0.6054590208539494,28.8355001
2015-11-05,30.4625,30.672501,30.045,30.23,158210800,62.664372496533574,0.6088901716876443,28.978250100000004
2015-11-06,30.2775,30.452499,30.155001,30.264999,132169200,63.229497957947245,0.6074314189597736,29.090000000000003
2015-11-09,30.24,30.452499,30.012501,30.1425,135485600,59.5488961715747,0.5895942261506448,29.202125000000002
2015-11-10,29.225,29.5175,29.014999,29.192499,236511600,39.00577837291945,0.49311663946371453,29.264374949999997
2015-11-11,29.092501,29.355,28.8025,29.0275,180872000,36.45729873960192,0.39874691041311294,29.33812495
2015-11-12,29.065001,29.205,28.9125,28.93,130102400,34.885949016485,0.31248861089582647,29.386374950000004
2015-11-13,28.799999,28.8925,28.067499,28.084999,183249600,24.2972112524087,0.1739387111498516,29.4026249
2015-11-16,27.844999,28.559999,27.75,28.545,152426800,36.53200783502225,0.10010124882865057,29.433249850000003
2015-11-17,28.73,28.762501,28.33,28.422501,110467600,34.78537308009304,0.0313386302142753,29.43224995
2015-11-18,28.940001,29.372499,28.875,29.3225,186698800,53.74232873038204,0.048902440357267096,29.476374900000003
2015-11-19,29.41,29.9375,29.190001,29.695,173183200,59.436034544166425,0.09182106721736005,29.5173749
2015-11-20,29.799999,29.98,29.7125,29.825001,137148400,61.371928189155874,0.1347708282363307,29.520124950000003
2015-11-23,29.817499,29.932501,29.334999,29.4375,129930000,52.636209832832414,0.13597331532257328,29.550999949999998
2015-11-24,29.3325,29.8375,29.280001,29.719999,171212800,57.75108766610261,0.15790141414714753,29.605124850000003
2015-11-25,29.8025,29.807501,29.48,29.5075,85553200,52.75175017953046,0.15633061505931423,29.5896249
2015-11-27,29.5725,29.602501,29.4,29.452499,52185600,51.40792478193931,0.1489308423829847,29.555624849999997
2015-11-30,29.497499,29.852501,29.4375,29.575001,156721200,54.42477778548052,0.15120832142707386,29.5406249
2015-12-01,29.6875,29.702499,29.215,29.334999,139409600,47.661259221051985,0.132124040661882,29.49262485
2015-12-02,29.334999,29.5275,29.02,29.07,133546400,41.084261770813455,0.09452676039670749,29.41399985
2015-12-03,29.137501,29.1975,28.555,28.799999,166278000,35.29476995932045,0.04245443243514302,29.3289998
2015-12-04,28.8225,29.8125,28.7775,29.7575,231108000,59.125524810564634,0.07755505944604835,29.3053748
2015-12-07,29.745001,29.965,29.452499,29.57,128336800,54.53675246704379,0.08921446739537942,29.27062485
2015-12-08,29.379999,29.65,29.215,29.557501,137238000,54.2095488603334,0.09633557086115019,29.2413749
2015-12-09,29.41,29.422501,28.77,28.905001,185445600,39.70201982404535,0.04876565966355173,29.227000000000004
2015-12-10,29.01,29.235001,28.877501,29.0425,116850800,43.424334945166606,0.0219086334014591,29.227750000000004
2015-12-11,28.797501,28.8475,28.2125,28.295,187544800,31.206103178769197,-0.05901249695660837,29.195999999999998
2015-12-14,28.045,28.17,27.4475,28.120001,257274800,28.979050478701694,-0.1356997700638516,29.1977501
2015-12-15,27.985001,28.200001,27.5875,27.622499,213292400,23.432575763220967,-0.23392272454885443,29.151625049999996
2015-12-16,27.7675,27.997499,27.200001,27.834999,224954000,30.09947956202413,-0.2912606777829829,29.122249950000004
2015-12-17,28.004999,28.0625,27.245001,27.245001,179091200,23.477707427375904,-0.37992973313413714,29.018375
2015-12-18,27.227501,27.379999,26.452499,26.5075,385813200,17.774973878305033,-0.5039020957809477,28.859
2015-12-21,26.82,26.842501,26.3925,26.8325,190362400,26.903329048679097,-0.5693630397830773,28.70937495
2015-12-22,26.85,26.93,26.612499,26.807501,131157600,26.637944711354834,-0.6161558587046017,28.577875
2015-12-23,26.817499,27.2125,26.799999,27.1525,130629600,36.69257093808153,-0.6182738922333755,28.449500049999994
2015-12-24,27.25,27.25,26.987499,27.0075,54281600,34.38198391848944,-0.6244544154569667,28.32450005
2015-12-28,26.897499,26.922501,26.545,26.705,106816800,29.81268614577408,-0.6463114702280741,28.187125100000003
2015-12-29,26.74,27.3575,26.715,27.184999,123724800,43.6710491737952,-0.6177800519407306,28.067625
2015-12-30,27.145,27.174999,26.795,26.83,100855200,37.31396079056735,-0.6167051566792381,27.942375050000003
2015-12-31,26.752501,26.7575,26.205,26.315001,163649200,29.938070120560837,-0.6499175645891384,27.8046251
2016-01-04,25.6525,26.342501,25.5,26.3375,270597600,30.63690600338144,-0.6667374219021411,27.681500149999998
2016-01-05,26.4375,26.4625,25.602501,25.6775,223164000,22.840074804026415,-0.7249667981798318,27.477500149999997
2016-01-06,25.139999,25.592501,24.967501,25.174999,273829600,18.62892408639476,-0.8024119243440673,27.2577501
2016-01-07,24.67,25.032499,24.1075,24.112499,324377600,12.804945259519883,-0.938701844565685,26.985500000000002
2016-01-08,24.637501,24.7775,24.190001,24.24,283192000,16.46132294434922,-1.0246132197300213,26.75224995
2016-01-11,24.7425,24.764999,24.334999,24.6325,198957600,27.395707693950712,-1.0489356564572887,26.53174995
2016-01-12,25.137501,25.172501,24.709999,24.99,196616800,36.26103796595681,-1.0275194954150386,26.366499949999998
2016-01-13,25.08,25.297501,24.325001,24.3475,249758400,28.869758146481715,-1.0502843892376035,26.1778749
2016-01-14,24.49,25.120001,23.934999,24.879999,252680400,40.580870596207845,-1.0136725266856246,26.040749899999998
2016-01-15,24.049999,24.4275,23.84,24.282499,319335600,33.385302546899666,-1.021100012986082,25.863124900000003
2016-01-19,24.602501,24.6625,23.875,24.165001,212350800,32.080270718823314,-1.0246558610792,25.7091249
2016-01-20,23.775,24.547501,23.355,24.1975,289337600,32.9263364958241,-1.0131722792595141,25.593624900000002
2016-01-21,24.264999,24.469999,23.735001,24.075001,208646000,31.216324025840493,-1.002401048155665,25.45574995
2016-01-22,24.657499,25.365,24.592501,25.355,263202000,57.881807674446705,-0.8804304933232423,25.383124900000002
2016-01-25,25.379999,25.3825,24.8025,24.860001,207178000,49.26503965880317,-0.8143232210947176,25.26849995
2016-01-26,24.9825,25.219999,24.5175,24.997499,300308000,51.600035991632225,-0.7422812360598989,25.1679999
2016-01-27,24.01,24.157499,23.334999,23.355,533478800,31.436446460781085,-0.8084046012199764,25.0004999
2016-01-28,23.4475,23.629999,23.0975,23.522499,222715200,34.48244318366204,-0.8376363249069776,24.8173749
2016-01-29,23.6975,24.334999,23.5875,24.334999,257666000,47.64528964427932,-0.7861781446058309,24.69262485
2016-02-01,24.1175,24.1775,23.85,24.1075,163774000,44.71095919401137,-0.7550506797589982,24.582249800000003
2016-02-02,23.855,24.01,23.57,23.620001,149428800,38.74541112728423,-0.7609473078162239,24.44637485
2016-02-03,23.75,24.209999,23.52,24.0875,183857200,46.70158719294603,-0.719602041390214,24.36687485
2016-02-04,23.965,24.3325,23.797501,24.15,185886800,47.75990435789704,-0.6740226783340475,24.3156249
2016-02-05,24.129999,24.23,23.422501,23.504999,185672400,38.54489824583929,-0.6820842522549029,24.2852499
2016-02-08,23.282499,23.924999,23.26,23.752501,216085600,43.43113761557703,-0.6608835109991062,24.260874949999998
2016-02-09,23.5725,23.985001,23.4825,23.747499,177324800,43.34987021615615,-0.6371408275536936,24.2166249
2016-02-10,23.98,24.0875,23.525,23.567499,169374400,40.192430725618586,-0.6256371202667843,24.14549985
2016-02-11,23.4475,23.68,23.147499,23.424999,200298800,37.65902113117597,-0.6208619978024963,24.0993748
2016-02-12,23.547501,23.625,23.252501,23.497499,161405600,39.90731302350642,-0.6042619788028105,24.0302498
2016-02-16,23.754999,24.2125,23.6525,24.16,196231600,56.59549997364707,-0.5315210068936267,24.02412485
2016-02-17,24.1675,24.5525,24.0375,24.530001,179452800,63.246012885006145,-0.4389572481967541,24.042374849999998
2016-02-18,24.709999,24.7225,24.022499,24.065001,156084000,51.643918052109264,-0.39852744012146246,24.0357499
2016-02-19,24.0,24.190001,23.950001,24.01,141496800,50.36886044509032,-0.3666975854741956,24.03249985
2016-02-22,24.077499,24.225,23.98,24.219999,137123200,55.286357454803124,-0.32082871832349724,23.9757498
2016-02-23,24.1,24.125,23.637501,23.672501,127770400,42.48315258380038,-0.3249104580963298,23.9163748
2016-02-24,23.495001,24.094999,23.33,24.025,145022800,51.0056831233894,-0.2962861407320645,23.86774985
2016-02-25,24.012501,24.190001,23.8125,24.190001,110330800,54.67344929111685,-0.2573207280879046,23.9094999
2016-02-26,24.299999,24.504999,24.145,24.227501,115964400,55.55564317034215,-0.22086838794689712,23.94475
2016-02-29,24.215,24.557501,24.1625,24.172501,140865200,53.76507908395432,-0.19417930791679083,23.9366251
2016-03-01,24.4125,25.192499,24.355,25.1325,201628400,72.08577955522826,-0.09447507361495155,23.9878751
2016-03-02,25.127501,25.2225,24.91,25.1875,132678400,72.80602956819713,-0.010895117126445086,24.06625005
2016-03-03,25.145,25.4275,25.112499,25.375,147822800,75.33701043590845,0.0696691806024603,24.13062505
2016-03-04,25.592501,25.9375,25.342501,25.752501,184220400,79.76145829370023,0.16210944599573196,24.210750100000002
2016-03-07,25.5975,25.7075,25.24,25.467501,143315600,68.87798883116014,0.20995171152042857,24.3088752
2016-03-08,25.195,25.440001,25.1,25.2575,126247600,61.64682376808365,0.22829013936432574,24.38412515
2016-03-09,25.327499,25.395,25.067499,25.280001,108806800,62.1436379001206,0.24185120802420101,24.46075025
2016-03-10,25.352501,25.559999,25.0375,25.2925,134054400,62.45879065065085,0.25071690901954824,24.5470003
2016-03-11,25.559999,25.57,25.375,25.565001,109632800,69.01899476008177,0.2765437698105515,24.6540004
2016-03-14,25.477501,25.727501,25.445,25.629999,100304400,70.45568045586323,0.2988120194922743,24.760625400000002
2016-03-15,25.99,26.295,25.9625,26.145,160270800,79.32037520913511,0.35393608953360456,24.8598754
2016-03-16,26.1525,26.577499,26.147499,26.4925,153214000,83.27164405934758,0.4208118015086164,24.95800035
2016-03-17,26.379999,26.6175,26.24,26.450001,137682800,81.0617047311243,0.4650214926399343,25.07725035
2016-03-18,26.584999,26.625,26.297501,26.48,176820800,81.46675555681955,0.4967524074278309,25.20075035
2016-03-21,26.4825,26.9125,26.285,26.477501,142010800,81.29776846539099,0.5157524642282887,25.31362545
2016-03-22,26.3125,26.8225,26.3025,26.68,129777600,84.36398372404747,0.5409147940380166,25.464000399999996
2016-03-23,26.620001,26.7675,26.475,26.532499,102814000,74.04735851844646,0.5426981374041766,25.58937535
2016-03-24,26.3675,26.5625,26.2225,26.4175,104532000,66.63542316305944,0.5287370401850247,25.7007503
2016-03-28,26.5,26.547501,26.264999,26.297501,77645600,59.39740191049233,0.5022007954670542,25.8042503
2016-03-29,26.2225,26.9475,26.219999,26.92,124760400,75.50207280827627,0.5253452442439475,25.941625249999998
2016-03-30,27.1625,27.605,27.15,27.389999,182404400,81.84510415085224,0.5749843167130919,26.0545002
2016-03-31,27.43,27.475,27.219999,27.247499,103553600,74.97810928741563,0.5959552787135571,26.157500149999997
2016-04-01,27.195,27.5,27.049999,27.497499,103496000,78.64534273012431,0.6255370263924007,26.263625100000002
2016-04-04,27.605,28.047501,27.567499,27.780001,149424800,82.10330051417242,0.6641207543300425,26.365000099999996
2016-04-05,27.377501,27.682501,27.355,27.452499,106314800,67.35237652727287,0.6606563274512176,26.464250000000003
2016-04-06,27.557501,27.745001,27.299999,27.74,105616400,72.4261217514698,0.6733477385581068,26.588374999999996
2016-04-07,27.487499,27.605,27.030001,27.135,127207600,52.42420083359857,0.6273555650542946,26.681124950000005
2016-04-08,27.227501,27.442499,27.0425,27.165001,94326800,53.172380162950724,0.5865657018811667,26.77475
2016-04-11,27.2425,27.6525,27.2075,27.254999,117630000,55.615233904635716,0.5551026500859138,26.8592499
2016-04-12,27.334999,27.625,27.165001,27.610001,108929200,64.20788974430417,0.5524454026670007,26.95825
2016-04-13,27.700001,28.084999,27.700001,28.01,133029200,71.46876463653055,0.5759765916958628,27.051499999999997
2016-04-14,27.905001,28.0975,27.8325,28.025,101895600,71.71975895971836,0.5890454538501544,27.128125
2016-04-15,28.0275,28.075001,27.432501,27.4625,187756000,51.78783785233,0.547700027288986,27.178749950000004
2016-04-18,27.2225,27.237499,26.735001,26.870001,243286000,38.603713138766715,0.4618004135753715,27.19825
2016-04-19,26.969999,27.0,26.557501,26.727501,129539600,36.02999072016767,0.3778699422775169,27.21075
2016-04-20,26.66,27.022499,26.514999,26.782499,122444000,37.89440397474185,0.312193545194841,27.21587495
2016-04-21,26.7325,26.7325,26.379999,26.4925,126210000,32.13316752650425,0.23404609397400122,27.213875
2016-04-22,26.252501,26.620001,26.155001,26.42,134732400,30.768775634948113,0.16436879066452192,27.214000000000006
2016-04-25,26.25,26.4125,26.127501,26.27,112126400,27.90841491955004,0.09593935028627598,27.212624950000002
2016-04-26,25.977501,26.325001,25.977501,26.0875,224064800,24.65503612004025,0.026674810385529213,27.17099995
2016-04-27,24.0,24.6775,23.92,24.455,458408400,11.123065212920821,-0.15812418595135824,27.024250000000002
2016-04-28,24.4025,24.469999,23.5625,23.7075,328970800,8.601211745330744,-0.3607373689964817,26.847250050000003
2016-04-29,23.497499,23.68,23.127501,23.434999,274126000,7.844763987338268,-0.537106895667204,26.644125050000003
2016-05-02,23.4925,23.52,23.1,23.41,192640400,7.771611064275163,-0.671161494675129,26.425625000000004
2016-05-03,23.549999,23.934999,23.42,23.795,227325200,21.00670203670917,-0.7378292119072576,26.24275005
2016-05-04,23.799999,23.975,23.455,23.547501,164102000,18.96549948701761,-0.8013969537625449,26.0331251
2016-05-05,23.5,23.5175,23.17,23.309999,143562000,17.10475903404381,-0.8610140397886248,25.84187505
2016-05-06,23.342501,23.362499,22.9625,23.18,174799600,16.096280680161783,-0.9082807477601804,25.642625
2016-05-09,23.25,23.442499,23.147499,23.1975,131745600,16.86607154087754,-0.933566279672263,25.43975005
2016-05-10,23.3325,23.3925,23.0275,23.355,134747200,24.171003046913597,-0.9301738470715044,25.226999999999997
2016-05-11,23.370001,23.3925,23.115,23.127501,114876400,21.053493833002634,-0.9350637548963014,24.982875049999997
2016-05-12,23.18,23.195,22.3675,22.584999,305258800,15.493905671644043,-0.9715153948741744,24.710875
2016-05-13,22.5,22.9175,22.5,22.629999,177571200,17.599649151756054,-0.9854132279636829,24.46924995
2016-05-16,23.0975,23.5975,22.9125,23.469999,245039200,46.58567785131284,-0.9180635162479049,24.299249850000002
2016-05-17,23.637501,23.674999,23.252501,23.372499,187667600,44.46744381885843,-0.8626121635788735,24.13149975
2016-05-18,23.540001,23.8025,23.4725,23.639999,168249600,51.52288603181475,-0.7879980022161988,23.97437475
2016-05-19,23.66,23.66,23.3925,23.549999,121768400,49.07547668688432,-0.7277390666503827,23.827249700000003
2016-05-20,23.66,23.8575,23.629999,23.805,128104000,55.986446957457645,-0.6518923670857077,23.6964997
2016-05-23,23.967501,24.297501,23.9175,24.1075,152074400,62.94594718805083,-0.5609082877448834,23.5883747
2016-05-24,24.305,24.522499,24.209999,24.475,140560800,69.72991807000346,-0.4539161083440142,23.507749699999998
2016-05-25,24.6675,24.934999,24.5275,24.905001,152675200,75.78245319582092,-0.330615419544543,23.530249750000003
2016-05-26,24.92,25.182501,24.66,25.102501,225324800,78.12611075205463,-0.21448963294045953,23.5999998
2016-05-27,24.860001,25.1175,24.8125,25.0875,145364800,77.4618300120163,-0.12226022596642494,23.682624850000003
2016-05-31,24.9,25.1,24.705,24.965,169228800,71.65715778487336,-0.058379519921626155,23.760374849999998
2016-06-01,24.754999,24.885,24.5825,24.615,116693200,57.335526228746275,-0.035585467950099314,23.80137485
2016-06-02,24.4,24.459999,24.157499,24.43,160766400,51.04436007030604,-0.03207918258266318,23.8454998
2016-06-03,24.4475,24.567499,24.362499,24.48,114019600,52.681491205669005,-0.024977914188433203,23.90399985
2016-06-06,24.497499,25.4725,24.387501,24.657499,93170000,58.43789170054581,-0.004970129387384503,23.977874800000002
2016-06-07,24.8125,24.967501,24.74,24.7575,89638000,61.515156695786715,0.01873941288565817,24.055874799999998
2016-06-08,24.754999,24.889999,24.67,24.735001,83392400,60.34243271980402,0.03530691850829015,24.12487485
2016-06-09,24.625,24.997499,24.615,24.9125,106405600,66.2622612237044,0.06204426429800236,24.2141248
2016-06-10,24.6325,24.8375,24.620001,24.7075,126851600,55.1663697200521,0.06593199374239589,24.32024985
2016-06-13,24.672501,24.780001,24.275,24.334999,152082000,40.71348350285513,0.038511394375554175,24.405499849999998
2016-06-14,24.33,24.620001,24.1875,24.365,127727600,42.13787583935599,0.018982384679301134,24.4502499
2016-06-15,24.455,24.602501,24.2575,24.285,117780800,39.20737087328071,-0.002916211346871478,24.49587495
2016-06-16,24.112499,24.4375,24.0175,24.387501,125307200,44.932079706059454,-0.011863279899028356,24.53325005
2016-06-17,24.155001,24.1625,23.825001,23.8325,244032800,28.173051816568986,-0.0630114814154048,24.5473751
2016-06-20,24.0,24.1425,23.7575,23.775,137647600,26.957716084375264,-0.10695367369842756,24.5458751
2016-06-21,23.735001,24.0875,23.67,23.977501,142185600,37.95478149605979,-0.12400854601478173,24.539375149999998
2016-06-22,24.0625,24.2225,23.8375,23.887501,116876400,35.20634603109201,-0.14313690984081617,24.5100002
2016-06-23,23.985001,24.0725,23.8125,24.025,128960800,42.613216527887566,-0.14552374862370598,24.46600015
2016-06-24,23.227501,23.665001,23.1625,23.35,301245600,25.75257810454572,-0.19958154255761684,24.3783751
2016-06-27,23.25,23.262501,22.875,23.01,181958400,20.89432644467135,-0.26678258860204807,24.2745001
2016-06-28,23.225,23.415001,23.035,23.397499,161779600,36.7579878783345,-0.2854811222425262,24.19612505
2016-06-29,23.4925,23.637501,23.407499,23.6,146124000,43.647837769433394,-0.2807236984880035,24.145375050000002
2016-06-30,23.610001,23.942499,23.575001,23.9,143345600,52.577402523987374,-0.24986561778587557,24.11887505
2016-07-01,23.872499,24.1175,23.8325,23.9725,104106000,54.60548954096772,-0.21705811161998767,24.09350005
2016-07-05,23.8475,23.85,23.615,23.747499,110820800,47.28386510322773,-0.20682942602995524,24.048000050000002
2016-07-06,23.65,23.915001,23.592501,23.8825,123796400,51.807141788321914,-0.18568915753600024,24.004250050000003
2016-07-07,23.924999,24.125,23.905001,23.985001,100558400,55.211345317548925,-0.15883343541069905,23.96675005
2016-07-08,24.122499,24.2225,24.012501,24.17,115648400,61.01054503779222,-0.12122480485200882,23.92962505
2016-07-11,24.1875,24.4125,24.182501,24.245001,95179600,63.26051917312301,-0.08439488854702759,23.9065001
2016-07-12,24.2925,24.424999,24.280001,24.355,96670000,66.56220997934349,-0.04580292690014076,23.90750015
2016-07-13,24.352501,24.4175,24.209999,24.217501,103568800,58.849550963710485,-0.026013670032636327,23.900125199999998
2016-07-14,24.3475,24.747499,24.33,24.6975,155676000,72.04292164531978,0.028077704094698674,23.9207502
2016-07-15,24.73,24.825001,24.625,24.695,120548000,71.90284242664995,0.06993758178312959,23.936125150000002
2016-07-18,24.674999,25.032499,24.65,24.9575,145975600,77.30782810084686,0.12287694371243774,23.99237515
2016-07-19,24.889999,25.0,24.834999,24.967501,95119600,77.50021321788202,0.16375114529564883,24.052000200000002
2016-07-20,25.0,25.115,24.934999,24.99,105104000,77.9899723837541,0.1957037745099015,24.10262515
2016-07-21,24.9575,25.25,24.782499,24.8575,130808000,67.84356525185126,0.20793784270328786,24.151125099999998
2016-07-22,24.815001,24.825001,24.577499,24.665001,113254800,55.58613605340711,0.1997972312570404,24.183125150000002
2016-07-25,24.5625,24.709999,24.23,24.334999,161531600,40.831688468889794,0.16481742193298032,24.2323751
2016-07-26,24.205,24.4925,24.105,24.1675,224959200,35.28549386049305,0.12217158360862257,24.2902501
2016-07-27,26.067499,26.0875,25.6875,25.737499,369379200,73.96171691514184,0.21260941872647976,24.407250100000002
2016-07-28,25.7075,26.112499,25.705,26.084999,159479200,77.4429072079686,0.30876317081339266,24.53150005
2016-07-29,26.047501,26.137501,25.92,26.0525,110934800,76.32946010747662,0.3779861256300485,24.63912505
2016-08-01,26.102501,26.5375,26.102501,26.512501,152671600,80.87110683738156,0.46460833666156276,24.7661251
2016-08-02,26.512501,26.5175,26.0,26.120001,135266400,67.90186562181702,0.49586951810606195,24.8847502
2016-08-03,26.202499,26.459999,26.192499,26.4475,120810400,72.23615495754808,0.5408362384046761,25.0130002
2016-08-04,26.395,26.5,26.32,26.467501,109634800,72.50072934851474,0.5714987202522508,25.1371252
2016-08-05,26.567499,26.9125,26.545,26.870001,162213600,77.52836530921047,0.6211174884205555,25.27212525
2016-08-08,26.879999,27.092501,26.790001,27.092501,112148800,79.89854397605839,0.6706636174593079,25.41450025
2016-08-09,27.057501,27.235001,27.002501,27.202499,105260800,81.05127498288101,0.710613688729449,25.5568752
2016-08-10,27.1775,27.225,26.940001,27.0,96034000,72.16331996381044,0.7176616740410431,25.696000150000003
2016-08-11,27.129999,27.2325,26.9625,26.9825,109938000,71.3741960905943,0.7136091078431086,25.810250149999995
2016-08-12,26.945,27.110001,26.945,27.045,74641600,72.6216505439034,0.7072874778265685,25.927750149999998
2016-08-15,27.035,27.385,27.02,27.370001,103472800,78.34631764718415,0.7202003833369588,26.0483752
2016-08-16,27.407499,27.557501,27.3025,27.344999,135177600,76.90312663724363,0.7201154587842709,26.1672501
2016-08-17,27.275,27.342501,27.084999,27.305,101424000,74.34695743112862,0.7086516750602705,26.283000100000002
2016-08-18,27.307501,27.4,27.254999,27.27,87938800,71.90699879225255,0.6888022527687063,26.4036251
2016-08-19,27.192499,27.422501,27.09,27.34,101472400,73.90524617860903,0.6709851583491755,26.537375049999998
2016-08-22,27.215,27.275,26.9625,27.127501,103280800,59.0336826053924,0.6324278546489772,26.677000149999998
2016-08-23,27.147499,27.33,27.1325,27.2125,85030800,62.550361456638015,0.6017925328935654,26.82925015
2016-08-24,27.1425,27.1875,26.92,27.0075,94700400,50.38118932905299,0.5545791892630447,26.892750200000002
2016-08-25,26.8475,26.969999,26.67,26.8925,100344800,44.690821769653645,0.5020948979369848,26.93312525
2016-08-26,26.852501,26.987499,26.577499,26.735001,111065200,37.85858335132711,0.4426888246993421,26.9672503
2016-08-29,26.655001,26.860001,26.5725,26.705,99881200,36.61463014432618,0.38870747586986454,26.97687525
2016-08-30,26.450001,26.625,26.375,26.5,99455600,29.014518490362548,0.32563140512459654,26.9958752
2016-08-31,26.415001,26.6425,26.41,26.525,118649600,31.05075296521612,0.2744962339694794,26.999750199999994
2016-09-01,26.535,26.700001,26.405001,26.682501,106806000,43.05657577303362,0.24386908581125866,27.010500199999996
2016-09-02,26.924999,27.0,26.705,26.932501,107210000,56.941047121941665,0.23703734197435367,27.013625199999996
2016-09-06,26.975,27.075001,26.877501,26.924999,107521600,56.45909541182874,0.2283851057263533,27.0052501
2016-09-07,26.9575,27.190001,26.7675,27.09,169457200,64.22826184996745,0.23216608182007548,26.999625150000004
2016-09-08,26.8125,26.817499,26.309999,26.379999,212008000,33.87978876093676,0.17584436130295344,26.968625100000004
2016-09-09,26.16,26.43,25.782499,25.782499,186228000,23.143309688885637,0.08204991518494964,26.90862505
2016-09-12,25.6625,26.43,25.6325,26.360001,181171200,43.377045909525144,0.05369773187101501,26.874375099999998
2016-09-13,26.877501,27.1975,26.809999,26.987499,248704800,57.54553208310509,0.08092936338435663,26.85525
2016-09-14,27.182501,28.2575,27.15,27.942499,443554800,70.60534821275485,0.17752475145453417,26.885125
2016-09-15,28.465,28.932501,28.372499,28.8925,359934400,78.33867233165915,0.3269653802678718,26.964499999999997
2016-09-16,28.780001,29.032499,28.51,28.73,319547600,74.4309170799028,0.42735942984791464,27.0375
2016-09-19,28.797501,29.045,28.3125,28.395,188092000,66.45768199542911,0.4744218968425642,27.090249999999997
2016-09-20,28.262501,28.530001,28.127501,28.3925,138057200,66.39575735130491,0.5056882525011339,27.153499950000004
2016-09-21,28.4625,28.497499,28.110001,28.387501,144012800,66.25174307152969,0.5240230752820452,27.212249999999994
2016-09-22,28.5875,28.735001,28.5,28.655001,124296000,70.27660576127403,0.5537552233265579,27.29462505
2016-09-23,28.605,28.6975,27.887501,28.1775,209924800,56.294747731804954,0.5326477926112752,27.35887505
2016-09-26,27.91,28.3475,27.887501,28.219999,119477600,57.17937101962217,0.5134308050980287,27.433124949999996
2016-09-27,28.25,28.295,28.084999,28.272499,98429600,58.39308847492452,0.49671173163212146,27.5114999
2016-09-28,28.422501,28.66,28.3575,28.487499,118564400,63.35556566783559,0.4951032070462169,27.61087485
2016-09-29,28.290001,28.450001,27.950001,28.045,143548000,49.25077269020626,0.4529016996692654,27.686874850000002
2016-09-30,28.115,28.342501,27.950001,28.262501,145516400,54.99625336772833,0.432027074805049,27.76587485
2016-10-03,28.1775,28.262501,28.07,28.129999,86807200,50.90055978224908,0.4001789661529749,27.82574975
2016-10-04,28.264999,28.577499,28.157499,28.25,118947200,54.48222202080315,0.38023902956057753,27.891999799999997
2016-10-05,28.35,28.415001,28.172501,28.262501,85812400,54.88222428355455,0.36128059457154293,27.950624849999997
2016-10-06,28.424999,28.584999,28.282499,28.4725,115117200,61.51105154560835,0.3590620190721907,28.055249899999996
2016-10-07,28.577499,28.639999,28.377501,28.514999,97433600,62.801448485141506,0.35662217765164783,28.1918749
2016-10-10,28.754999,29.1875,28.68,29.012501,144944000,74.48446271184142,0.3903333198133119,28.3244999
2016-10-11,29.424999,29.672501,29.049999,29.075001,256164000,75.60730964033709,0.4172826953552118,28.428874999999998
2016-10-12,29.3375,29.495001,29.1875,29.334999,150347200,79.90015566086385,0.4543821013170408,28.498499999999996
2016-10-13,29.1975,29.360001,28.93,29.245001,140769600,74.59834240776036,0.47109111622938826,28.51612505
2016-10-14,29.469999,29.5425,29.282499,29.407499,142608800,77.71350377688283,0.49177646846863965,28.55
2016-10-17,29.3325,29.459999,29.195,29.387501,94499600,76.36882079266857,0.5007833687305201,28.599625050000004
2016-10-18,29.545,29.5525,29.362499,29.3675,98214000,74.8574521882556,0.5005376026253749,28.64837505
2016-10-19,29.3125,29.440001,28.450001,29.280001,80138400,67.98997303144498,0.48766094140196614,28.693000049999995
2016-10-20,29.215,29.344999,29.0825,29.264999,96503200,66.76478533609378,0.4708182587750578,28.723499949999997
2016-10-21,29.202499,29.227501,29.07,29.15,92770800,57.49849456443286,0.44308326516394914,28.77212495
2016-10-24,29.275,29.434999,29.25,29.4125,94154800,68.96810751231556,0.43724435831576614,28.83175
2016-10-25,29.487499,29.59,29.327499,29.5625,192516000,73.69976056299602,0.43965268647384903,28.896250050000003
2016-10-26,28.577499,28.924999,28.327499,28.897499,264536800,41.20420364874808,0.3834807534185174,28.91675005
2016-10-27,28.8475,28.965,28.525,28.620001,138248000,33.92253993072106,0.3129646605299392,28.945500099999997
2016-10-28,28.467501,28.8025,28.362499,28.43,151446800,29.726194528119336,0.23899368563968437,28.953875050000004
2016-10-31,28.4125,28.557501,28.299999,28.385,105677600,28.743702595653247,0.17472589977820618,28.966625100000005
2016-11-01,28.365,28.442499,27.6325,27.872499,175303200,19.972612858162506,0.08149919689781271,28.947750050000003
2016-11-02,27.85,28.0875,27.807501,27.897499,113326800,21.3386556042163,0.009523869035422905,28.92949995
2016-11-03,27.745001,27.865,27.387501,27.4575,107730400,15.80059632525601,-0.08207522680019252,28.878749950000003
2016-11-04,27.1325,27.5625,27.0275,27.209999,123348000,13.501104351290877,-0.1726492394713901,28.813499950000004
2016-11-07,27.52,27.627501,27.365,27.602501,130240000,31.850867329384698,-0.21033357145628173,28.74299995
2016-11-08,27.577499,27.93,27.424999,27.764999,97016800,38.18472946412007,-0.22449856578681704,28.677499849999997
2016-11-09,27.469999,27.83,27.012501,27.719999,236705600,37.07156215546003,-0.23662785119350715,28.596749850000002
2016-11-10,27.772499,27.772499,26.4575,26.9475,228538000,23.405947825954186,-0.30505809074356094,28.481874800000003
2016-11-11,26.780001,27.217501,26.637501,27.1075,136575600,29.670561171100275,-0.3424315480463811,28.36687485
2016-11-14,26.9275,26.952499,26.02,26.4275,204702000,21.10970628589004,-0.42205540720902945,28.2188748
2016-11-15,26.6425,26.92,26.540001,26.7775,129058000,32.759728526845265,-0.4517087964993145,28.0893748
2016-11-16,26.674999,27.557501,26.65,27.497499,235362000,50.35480147538918,-0.4123580126498396,28.0002497
2016-11-17,27.452499,27.5875,27.2075,27.487499,110528000,50.1421933602695,-0.3776261106293113,27.9113747
2016-11-18,27.43,27.635,27.415001,27.514999,113715600,50.808552009522614,-0.3439173428282807,27.82962465
2016-11-21,27.530001,27.997499,27.502501,27.932501,117058400,60.2244846247016,-0.2802830507581966,27.7556247
2016-11-22,27.987499,28.105,27.85,27.950001,103862000,60.59335137933828,-0.22583700368610238,27.674999749999994
2016-11-23,27.84,27.877501,27.5825,27.807501,109705600,55.687285735334385,-0.1919737245990092,27.620499849999998
2016-11-25,27.782499,27.967501,27.737499,27.9475,45903600,59.450434958267344,-0.15208691933591467,27.586874799999997
2016-11-28,27.8575,28.1175,27.8475,27.8925,108776000,57.22313217933683,-0.12349085345358901,27.559999799999996
2016-11-29,27.695,28.0075,27.5175,27.865,114115200,55.99929518375208,-0.10187295735257962,27.533999799999997
2016-11-30,27.9,28.049999,27.567499,27.629999,144649200,46.157430637869645,-0.10252143240333211,27.5218748
2016-12-01,27.592501,27.735001,27.2575,27.372499,148347600,37.68962387653298,-0.12240247203109433,27.495624799999995
2016-12-02,27.2925,27.522499,27.2125,27.475,106112000,42.58153491206875,-0.12840716721488477,27.4964998
2016-12-05,27.5,27.5075,27.0625,27.2775,137298000,36.193909238672624,-0.14740335669260318,27.499874849999998
2016-12-06,27.375,27.59,27.297501,27.487499,104782000,46.204525318617335,-0.14385454381398333,27.494124749999997
2016-12-07,27.315001,27.797501,27.290001,27.7575,119994800,56.452858892938444,-0.1178962255322844,27.4937498
2016-12-08,27.715,28.1075,27.65,28.030001,108273200,64.43140466204967,-0.07447699353913606,27.509249899999997
2016-12-09,28.077499,28.674999,28.077499,28.487499,137610400,73.82479027747492,-0.0031147691167099367,27.58624985
2016-12-12,28.3225,28.75,28.122499,28.325001,105497600,66.5426182863642,0.039868498098780236,27.6471249
2016-12-13,28.459999,28.98,28.4375,28.797501,174935200,74.93126221136419,0.11078281289042025,27.76562495
2016-12-14,28.76,29.049999,28.745001,28.797501,136127200,74.93126221136419,0.16507997903326554,27.866625
2016-12-15,28.844999,29.182501,28.807501,28.955,186098000,77.49168858131294,0.2183032632872539,27.939500050000003
2016-12-16,29.1175,29.125,28.9125,28.9925,177404400,78.11266202043349,0.2605060841325475,28.014750099999997
2016-12-19,28.950001,29.344999,28.9375,29.16,111117600,80.86382088799624,0.3039640653175155,28.097000149999996
2016-12-20,29.184999,29.375,29.17,29.237499,85700000,82.07971489339451,0.3407306196325983,28.16225005
2016-12-21,29.200001,29.35,29.195,29.264999,95132800,82.53901094806834,0.3678470867497481,28.227999950000005
2016-12-22,29.0875,29.127501,28.91,29.0725,104343600,68.25296898773955,0.3695441468928138,28.291249900000004
2016-12-23,28.897499,29.129999,28.897499,29.129999,56998000,70.05889160833911,0.3712492379235037,28.35037485
2016-12-27,29.129999,29.450001,29.122499,29.315001,73187600,75.32726189734392,0.3831123692105294,28.421499900000004
2016-12-28,29.379999,29.504999,29.049999,29.190001,83623600,66.15175310674653,0.3780693823931216,28.48774995
2016-12-29,29.112499,29.2775,29.1,29.182501,60158000,65.59247217325124,0.3692115507567699,28.56537505
2016-12-30,29.1625,29.299999,28.8575,28.955,122345200,50.486926320441356,0.33991588721539046,28.6445001
2017-01-03,28.950001,29.0825,28.690001,29.0375,115127600,54.88277036826452,0.3196709555266679,28.7226251
2017-01-04,28.9625,29.127501,28.9375,29.004999,84472400,52.731085500906715,0.29757389559360803,28.809000049999998
2017-01-05,28.98,29.215,28.952499,29.1525,88774400,60.856527906412644,0.2886366902831625,28.892250100000002
2017-01-06,29.195,29.540001,29.1175,29.477501,127007600,72.85254414533443,0.3042713050367034,28.97825015
2017-01-09,29.487499,29.8575,29.485001,29.747499,134247600,79.06952382192479,0.33459146981470766,29.06412505
2017-01-10,29.692499,29.844999,29.575001,29.7775,97848400,79.67298035370754,0.35692681863149645,29.1286251
2017-01-11,29.684999,29.9825,29.65,29.9375,110354400,82.76480060253968,0.3831220142157967,29.20925005
2017-01-12,29.725,29.825001,29.5525,29.8125,108344800,72.68764532609295,0.38930774278793123,29.26
2017-01-13,29.7775,29.905001,29.702499,29.76,104447600,68.59520713088973,0.3855295216659549,29.30812495
2017-01-17,29.584999,30.059999,29.555,30.0,137759200,75.84759007676679,0.3973211772351597,29.36037495
2017-01-18,30.0,30.125,29.9275,29.997499,94852000,75.63523717137616,0.4018322671855614,29.4106249
2017-01-19,29.85,30.022499,29.842501,29.945,102389200,70.78208508033413,0.3965993574066964,29.449874900000005
2017-01-20,30.112499,30.112499,29.932501,30.0,130391600,72.90688080747924,0.39236731290865023,29.48799995
2017-01-23,30.0,30.202499,29.942499,30.02,88200800,73.71773877336888,0.3861756277559536,29.52575
2017-01-24,29.887501,30.025,29.875,29.9925,92844000,70.34065617399665,0.37472999833141074,29.571749999999998
2017-01-25,30.105,30.525,30.07,30.469999,129510400,84.61666380736656,0.39958328583831815,29.638749999999998
2017-01-26,30.4175,30.610001,30.4,30.485001,105350400,84.8833643279861,0.41569831980141103,29.697249999999997
2017-01-27,30.535,30.5875,30.4,30.487499,82251600,84.93410524641959,0.42378602652689423,29.762124899999996
2017-01-30,30.2325,30.407499,30.165001,30.407499,121510000,75.46918071207,0.41891131212062405,29.8233748
2017-01-31,30.2875,30.3475,30.155001,30.3375,196804000,67.76081519204828,0.40473420753314926,29.892499799999996
2017-02-01,31.7575,32.622501,31.752501,32.1875,447940000,92.23028332226643,0.5365927813460019,30.049999800000002
2017-02-02,31.995001,32.3475,31.945,32.1325,134841600,89.86454551350468,0.6293982989333209,30.206374850000003
2017-02-03,32.077499,32.297501,32.040001,32.27,98029200,90.57003409471798,0.7059052053173076,30.36224985
2017-02-06,32.282501,32.625,32.224998,32.572498,107383600,91.9993790555255,0.7819329045604029,30.516999699999996
2017-02-07,32.634998,33.022499,32.612499,32.8825,152735200,93.22683847455137,0.8573173537729666,30.673749750000002
2017-02-08,32.837502,33.055,32.805,33.009998,92016400,93.69125940530269,0.9167800264748642,30.83537465
2017-02-09,32.912498,33.112499,32.779999,33.105,113399600,94.0461499355898,0.9604984620507047,30.99374965
2017-02-10,33.115002,33.235001,33.012501,33.029999,80262000,89.41343461495805,0.9778219604414602,31.1546246
2017-02-13,33.27,33.455002,33.1875,33.322498,92141600,91.35175913894989,1.0035844852724871,31.3327495
2017-02-14,33.3675,33.772499,33.3125,33.755001,132904800,93.42764673323003,1.0468336031854264,31.52049955
2017-02-15,33.880001,34.067501,33.654999,33.877499,142492400,93.9106330902338,1.0785604322831936,31.71449955
2017-02-16,33.9175,33.974998,33.709999,33.837502,90338400,91.35332224789033,1.0879357037155373,31.909124650000003
2017-02-17,33.775002,33.9575,33.775002,33.93,88792800,91.94512790751276,1.0902616320033864,32.105624649999996
2017-02-21,34.057499,34.1875,33.994999,34.174999,98028800,93.35131833952079,1.099203386280152,32.313374599999996
2017-02-22,34.107498,34.279999,34.0275,34.2775,83347600,93.87337469900145,1.1018592178499205,32.5276246
2017-02-23,34.345001,34.369999,34.075001,34.1325,83152800,83.10400041863082,1.0798162457994493,32.710749650000004
2017-02-24,33.977501,34.165001,33.82,34.165001,87106400,83.59611943754634,1.0528331851240154,32.89474965
2017-02-27,34.285,34.360001,34.07,34.232498,81029600,84.67743456904658,1.025078887613354,33.0819996
2017-02-28,34.27,34.360001,34.174999,34.247501,93931600,84.93495782939222,0.9928490774541459,33.273999700000005
2017-03-01,34.4725,35.037498,34.400002,34.947498,145658400,92.13252051299818,1.0121234988114125,33.5044996
2017-03-02,35.0,35.07,34.689999,34.740002,104844000,79.06844603716468,0.9991379827943305,33.632124700000006
2017-03-03,34.695,34.9575,34.647499,34.945,84432400,82.00887505127227,0.9939310744300087,33.7727497
2017-03-06,34.842499,34.942501,34.650002,34.834999,87000000,75.37972884478995,0.9697497294217285,33.90099965
2017-03-07,34.764999,34.994999,34.697498,34.880001,69785200,76.29432838491049,0.9433428553619976,34.0163748
2017-03-08,34.737499,34.950001,34.705002,34.75,74828800,67.80520496964206,0.9015329129464007,34.109749799999996
2017-03-09,34.685001,34.697498,34.262501,34.669998,88623600,62.78921576952254,0.8521200302795222,34.1927498
2017-03-10,34.8125,34.84,34.66,34.785,78451200,66.89619758082544,0.812869412460401,34.2767498
2017-03-13,34.712502,34.857498,34.705002,34.799999,69686800,67.44296484708238,0.7740505362492911,34.3652498
2017-03-14,34.825001,34.912498,34.709999,34.747501,61236400,63.181657276286955,0.7306279234200872,34.43649995
2017-03-15,34.852501,35.1875,34.7575,35.115002,102767200,75.71385746185126,0.7175974327599448,34.5045
2017-03-16,35.18,35.255001,35.064999,35.172501,76928000,77.1345231960871,0.7037974251742511,34.5692501
2017-03-17,35.25,35.25,34.9725,34.997501,175540000,63.86840194397967,0.6710048559811881,34.62725005
2017-03-20,35.099998,35.375,35.057499,35.365002,86168000,74.57971729247855,0.6669822122432549,34.69900015
2017-03-21,35.5275,35.700001,34.932499,34.959999,158119600,53.99806156273879,0.6239216997734403,34.738250150000006
2017-03-22,34.962502,35.400002,34.939999,35.355,103440800,64.99123561478194,0.6145846635104917,34.79212515
2017-03-23,35.314999,35.395,35.1525,35.23,81385200,59.72208580572485,0.590293997908347,34.84700015
2017-03-24,35.375,35.435001,35.087502,35.16,89582400,56.7178085400524,0.5589518069333579,34.8967501
2017-03-27,34.8475,35.305,34.654999,35.220001,94300400,58.790840688581106,0.5328125427001495,34.94612525
2017-03-28,35.227501,36.009998,35.154999,35.950001,133499200,75.46843057316167,0.5644947426006226,35.03125025
2017-03-29,35.919998,36.122501,35.797501,36.029999,116760000,76.67529570693101,0.589265597307822,35.085375299999995
2017-03-30,36.047501,36.125,35.875,35.982498,84829200,74.14829710606183,0.5981684310834652,35.147500099999995
2017-03-31,35.93,36.067501,35.752499,35.915001,78646800,70.30701075767664,0.5929424754252537,35.196000149999996
2017-04-03,35.927502,36.029999,35.762501,35.924999,79942800,70.57048253092616,0.5828884477679637,35.25050015
2017-04-04,35.8125,36.2225,35.7925,36.192501,79565600,76.95372801963094,0.5897079480618999,35.31612515
2017-04-05,36.055,36.365002,35.952499,36.005001,110871600,65.36071716102398,0.5733732779439151,35.378875199999996
2017-04-06,36.072498,36.130001,35.862499,35.915001,84596000,60.27565200002375,0.5468618038863013,35.44112535
2017-04-07,35.932499,36.044998,35.817501,35.834999,66688800,55.77548919169177,0.5134767367028559,35.4936253
2017-04-10,35.900002,35.970001,35.724998,35.7925,75733600,53.30882474564784,0.4780785246736272,35.54325035
2017-04-11,35.735001,35.837502,35.014999,35.407501,121517600,36.32861083313441,0.414184523514848,35.576250349999995
2017-04-12,35.400002,35.537498,35.252499,35.450001,81400000,38.837632740798384,0.3627953827378576,35.59300029999999
2017-04-13,35.477501,35.595001,35.262501,35.262501,71291600,32.288708907168015,0.3034415501320993,35.59750029999999
2017-04-17,35.369999,35.470001,35.217499,35.4575,66328400,43.789166386434445,0.26903671204915014,35.62050025
2017-04-18,35.352501,35.509998,35.2775,35.299999,58790000,37.74770151020939,0.22645122680410879,35.6172501
2017-04-19,35.470001,35.5,35.112499,35.169998,69313600,33.32078826330836,0.18013543948330835,35.627750049999996
2017-04-20,35.305,35.73,35.290001,35.610001,93278400,54.42578967532371,0.1768952706196174,35.640500100000004
2017-04-21,35.610001,35.669998,35.462502,35.567501,69283600,52.5514024271336,0.16895046287034887,35.65737515
2017-04-24,35.875,35.987499,35.794998,35.91,68537200,64.15717349308079,0.18812239454405244,35.69487515
2017-04-25,35.977501,36.224998,35.967499,36.1325,75486000,69.76264244555313,0.21874858153007892,35.740500100000006
2017-04-26,36.1175,36.150002,35.845001,35.919998,80164800,59.41004394892369,0.22329886955012057,35.73899995
2017-04-27,35.98,36.040001,35.827499,35.947498,56985200,60.299528831847944,0.22651292575329052,35.7348749
2017-04-28,36.022499,36.075001,35.817501,35.912498,83441600,58.3992836057089,0.2236576942799502,35.731374900000006
2017-05-01,36.275002,36.799999,36.240002,36.645,134411600,76.48953284141413,0.2773050919087652,35.76787485
2017-05-02,36.884998,37.022499,36.709999,36.877499,181408800,79.75031041241994,0.3347232855848006,35.81549985
2017-05-03,36.397499,36.872501,36.067501,36.764999,182788000,73.95958953948816,0.3669201805095028,35.844124750000006
2017-05-04,36.630001,36.785,36.452499,36.6325,93487600,67.2499514964941,0.37739452062988477,35.8754997
2017-05-05,36.689999,37.244999,36.689999,37.240002,109310800,77.9501550788124,0.42976181820990433,35.94174975
2017-05-08,37.2575,38.424999,37.2575,38.252499,195009600,86.51625874497098,0.5466617485850165,36.062624750000005
2017-05-09,38.467499,38.720001,38.362499,38.497501,156521600,87.84890774800975,0.6515645686956049,36.1978748
2017-05-10,38.407501,38.485001,38.0275,38.314999,103222800,80.9002632722705,0.711769586517903,36.3432497
2017-05-11,38.112499,38.517502,38.077499,38.487499,109020400,82.4325521832837,0.7645881094667999,36.495124600000004
2017-05-12,38.674999,39.105,38.6675,39.025002,130108000,86.39914818210852,0.8401346205012103,36.68324965
2017-05-15,39.002499,39.162498,38.762501,38.924999,104038800,82.36252796472621,0.8817718514198987,36.8566246
2017-05-16,38.985001,39.014999,38.68,38.8675,80194000,79.85970470194961,0.8997581166533948,37.034999649999996
2017-05-17,38.400002,38.642502,37.427502,37.5625,203070800,44.252615669766016,0.7994937020454174,37.154624749999996
2017-05-18,37.817501,38.334999,37.782501,38.134998,134272800,54.61056532752872,0.7574972780415052,37.2808746
2017-05-19,38.345001,38.494999,38.157501,38.264999,107843200,56.73995795856576,0.7263320993712981,37.4157495
2017-05-22,38.5,38.645,38.227501,38.497501,91865600,60.59702167050603,0.7121848158049318,37.545124550000004
2017-05-23,38.724998,38.724998,38.327499,38.450001,79675600,59.33605885887448,0.689195521662576,37.6609996
2017-05-24,38.459999,38.5425,38.1675,38.334999,76712000,56.04205843172886,0.6541559376859425,37.78174965
2017-05-25,38.432499,38.587502,38.2575,38.467499,76942400,59.09447760159484,0.6298183042263403,37.9077497
2017-05-26,38.5,38.560001,38.327499,38.4025,87710400,56.83573925649118,0.5983878357981496,38.0322498
2017-05-30,38.355,38.607498,38.3325,38.4175,80507600,57.27541073784437,0.5681401715219465,38.1208748
2017-05-31,38.4925,38.5425,38.095001,38.189999,97804800,48.52875591771129,0.519819099265419,38.18649979999999
2017-06-01,38.2925,38.3325,38.055,38.294998,65616400,52.43957848844789,0.4844128335457327,38.26299975
2017-06-02,38.395,38.862499,38.2225,38.862499,111082800,67.84515909101447,0.4964232426423294,38.3744997
2017-06-05,38.584999,38.612499,38.365002,38.482498,101326800,54.14424417917945,0.469862392303277,38.4366245
2017-06-06,38.474998,38.952499,38.445,38.612499,106499600,57.5645741938197,0.45406850223930917,38.4546245
2017-06-07,38.755001,38.994999,38.619999,38.842499,84278400,63.22619362401992,0.45486738036881036,38.471874400000004
2017-06-08,38.8125,38.884998,38.599998,38.747501,85003200,59.406905230130974,0.4427314201526755,38.4934995
2017-06-09,38.797501,38.797501,36.505001,37.244999,259530800,28.093215195091446,0.308320107502972,38.4313745
2017-06-12,36.435001,36.522499,35.627499,36.355,289229200,20.592183901344086,0.1285014083329301,38.2978744
2017-06-13,36.790001,36.862499,36.287498,36.647499,136661600,27.966714959367735,0.009486662164583493,38.1839994
2017-06-14,36.875,36.875,35.959999,36.290001,126124800,24.69632520994874,-0.11238497841933537,38.05512445
2017-06-15,35.830002,36.119999,35.552502,36.072498,128661600,22.80355038493495,-0.22393838368115837,37.98062435
2017-06-16,35.945,36.125,35.549999,35.567501,201444400,18.883292237490593,-0.3490704318642841,37.8522495
2017-06-19,35.915001,36.685001,35.915001,36.584999,130165600,42.22925239706327,-0.3619624191090125,37.7682495
2017-06-20,36.717499,36.717499,36.235001,36.252499,99600400,38.05379312351836,-0.3944622675872651,37.6559994
2017-06-21,36.380001,36.517502,36.1525,36.467499,85063200,42.35367094370983,-0.3982788181888921,37.556874300000004
2017-06-22,36.442501,36.674999,36.279999,36.407501,76425200,41.417678689377986,-0.4015163684529668,37.4604994
2017-06-23,36.282501,36.790001,36.2775,36.57,141757600,45.24146592070129,-0.3865143423812043,37.36562445
2017-06-26,36.7925,37.07,36.345001,36.455002,102769600,42.92804510971204,-0.37952952603002643,37.26824955
2017-06-27,36.252499,36.540001,35.904999,35.932499,99047600,33.773457533772614,-0.4114131197602475,37.1439995
2017-06-28,36.122501,36.5275,35.790001,36.4575,88329600,47.01817546996681,-0.3898242530843774,37.057374550000006
2017-06-29,36.177502,36.282501,35.57,35.919998,125997600,37.95220351097253,-0.4113451096422054,36.93862455
2017-06-30,36.112499,36.240002,35.945,36.005001,92096400,40.08374702712444,-0.4167376199408821,36.79574965
2017-07-03,36.220001,36.325001,35.775002,35.875,57111200,37.76870357297054,-0.426583824648489,36.66537475
2017-07-05,35.922501,36.197498,35.68,36.022499,86278400,42.1884241654369,-0.41767043147468996,36.53587475
2017-07-06,35.755001,35.875,35.602501,35.682499,96515200,35.4228311912766,-0.43304973390007007,36.377874750000004
2017-07-07,35.724998,36.1875,35.724998,36.044998,76806800,46.16211333015253,-0.4112467060692424,36.2427496
2017-07-10,36.0275,36.487499,35.842499,36.264999,84362400,51.833695283071755,-0.37192805228647075,36.193749600000004
2017-07-11,36.182499,36.462502,36.095001,36.3825,79127200,54.800657544672205,-0.32751104374114703,36.1951246
2017-07-12,36.467499,36.544998,36.205002,36.435001,99538000,56.20685915180828,-0.28479095962454437,36.184499699999996
2017-07-13,36.375,37.122501,36.360001,36.942501,100797600,67.58122773402515,-0.2075909967454379,36.2171247
2017-07-14,36.9925,37.3325,36.8325,37.259998,80528400,72.74750630702552,-0.119413589968417,36.2764997
2017-07-17,37.205002,37.724998,37.142502,37.389999,95174000,74.67537782811924,-0.03859743833435658,36.367624600000006
2017-07-18,37.299999,37.532501,37.1675,37.52,71475200,76.6061060571065,0.03553036637420348,36.41437465
2017-07-19,37.619999,37.855,37.487499,37.755001,83692000,79.8465041566837,0.1119493203039923,36.48949975000001
2017-07-20,37.875,37.935001,37.547501,37.584999,68974800,71.48917947978633,0.15698453127116352,36.54537475
2017-07-21,37.497501,37.610001,37.220001,37.567501,105010400,70.60180215707295,0.1890836791084496,36.60337475
2017-07-24,37.645,38.110001,37.474998,38.022499,85972800,78.64374492370106,0.24837392109939316,36.6759997
2017-07-25,37.950001,38.459999,37.950001,38.185001,75415600,80.82890474795892,0.304959040367514,36.76249965
2017-07-26,38.337502,38.482498,38.264999,38.365002,63124000,83.06780327396112,0.36017584845087924,36.8841248
2017-07-27,38.4375,38.497501,36.825001,37.639999,129905200,53.6343078168905,0.3414973152005132,36.94324975
2017-07-28,37.4725,37.557499,37.297501,37.375,68854800,46.59401853447747,0.3018319080647558,37.01599985
2017-07-31,37.474998,37.5825,37.032501,37.182499,79383600,41.929536444944056,0.2519591371399912,37.074874750000006
2017-08-01,37.275002,37.555,37.102501,37.512501,141474400,51.61674622652192,0.23633864553637096,37.1567498
2017-08-02,39.82,39.9375,39.040001,39.285,279747200,76.34469744960234,0.3628029823650323,37.319874850000005
2017-08-03,39.262501,39.302502,38.755001,38.892502,108389200,67.44018662094044,0.42643983905568916,37.480374999999995
2017-08-04,39.017502,39.349998,38.922501,39.0975,82239600,69.60068502948866,0.4877911787528646,37.633000100000004
2017-08-07,39.264999,39.73,39.1675,39.702499,87481200,75.25427225096017,0.5785616223474861,37.804875100000004
2017-08-08,39.650002,40.4575,39.567501,40.02,144823600,77.78394567678782,0.6684124870173775,37.9867501
2017-08-09,39.814999,40.317501,39.7775,40.264999,104526000,79.6561900021045,0.750735307063394,38.178250000000006
2017-08-10,39.974998,40.0,38.657501,38.830002,163217200,50.547241182908934,0.6922051597254963,38.27262505
2017-08-11,39.150002,39.642502,39.017502,39.369999,105028400,57.38422465967865,0.6815365125550628,38.3781251
2017-08-14,39.830002,40.052502,39.6875,39.962502,88490800,63.79221639600697,0.7126762845718986,38.506750249999996
2017-08-15,40.165001,40.549999,40.035,40.400002,117862000,67.94451175700078,0.7638521596896766,38.650750349999996
2017-08-16,40.485001,40.627499,40.037498,40.237499,110686400,64.72783448842358,0.7822791483467455,38.77487525
2017-08-17,40.130001,40.177502,39.459999,39.465,111762400,51.26694204964452,0.7261775337806711,38.8688753
2017-08-18,39.465,39.875,39.18,39.375,109712400,49.85763437202372,0.6667682627242755,38.95925025
2017-08-21,39.375,39.4725,38.7775,39.302502,105474000,48.60202915372504,0.6068407225778287,39.0232504
2017-08-22,39.557499,40.0,39.505001,39.945,86418400,59.22038176506497,0.6042267840291515,39.11125035
2017-08-23,39.767502,40.1175,39.720001,39.994999,77596400,59.971174980810126,0.5992815753767218,39.1927502
2017-08-24,40.107498,40.185001,39.637501,39.817501,79275600,55.722198182473456,0.5744183198755124,39.3016253
2017-08-25,39.912498,40.139999,39.817501,39.965,101920400,58.56809472824958,0.5601587855668555,39.431125300000005
2017-08-28,40.035,40.5,39.982498,40.3675,103864000,65.60594517697263,0.5747114719567534,39.59037535
2017-08-29,40.025002,40.779999,40.0,40.727501,118067600,70.78444415116483,0.6082817593339556,39.75112535
2017-08-30,40.950001,40.9725,40.6525,40.837502,109078400,72.27266817522279,0.6364262892239694,39.82875045
2017-08-31,40.91,41.130001,40.869999,41.0,107140400,74.51043465326833,0.6641869290041882,39.93412535
2017-09-01,41.200001,41.235001,40.907501,41.012501,66364400,74.69374127452858,0.6793648669629988,40.029875399999995
2017-09-05,40.9375,41.0625,40.139999,40.52,117874000,56.137887560638646,0.6442265349710397,40.07075045
2017-09-06,40.677502,40.747501,40.130001,40.477501,86606800,54.768132099593366,0.6059646562312366,40.0936255
2017-09-07,40.522499,40.560001,40.09,40.314999,87714000,49.391995045554474,0.5561186981731794,40.0961255
2017-09-08,40.215,40.287498,39.6325,39.657501,114446000,33.752299764280764,0.45827807920265684,40.13750045
2017-09-11,40.125,40.512501,39.9725,40.375,126323200,52.785779565489534,0.43363616885022793,40.1877505
2017-09-12,40.6525,40.990002,39.692501,40.215,286856000,49.11461694724282,0.39662457334505063,40.2003754
2017-09-13,39.967499,39.990002,39.477501,39.912498,179629600,42.582252964364685,0.3389757327259417,40.1760002
2017-09-14,39.747501,39.849998,39.522499,39.57,95042800,36.21908150050734,0.26262451306453016,40.142625249999995
2017-09-15,39.6175,40.2425,39.5,39.970001,196458400,47.00856174785065,0.231721221158125,40.167875300000006
2017-09-18,40.0275,40.125,39.5,39.6675,113077600,40.90358938320254,0.18073740873962407,40.1825003
2017-09-19,39.877499,39.942501,39.610001,39.682499,83242400,41.34424533999016,0.1399296422152787,40.20150015
2017-09-20,39.474998,39.564999,38.4575,39.017502,211805600,29.83649338220404,0.05331491183619619,40.15512525
2017-09-21,38.950001,38.950001,38.1875,38.3475,150046800,22.4812240551084,-0.06860066224242445,40.0727503
2017-09-22,37.884998,38.067501,37.639999,37.9725,186581600,19.364124802408355,-0.1932513181474036,39.98050025
2017-09-25,37.497501,37.9575,37.290001,37.637501,177549200,16.91918018896071,-0.31543336117099585,39.8641253
2017-09-26,37.945,38.48,37.922501,38.285,146640000,35.33142776504742,-0.35591300899665157,39.7600003
2017-09-27,38.450001,38.68,38.384998,38.557499,102016800,41.67762853846089,-0.36183403211934007,39.6515002
2017-09-28,38.4725,38.57,38.174999,38.32,88022000,37.896168621344685,-0.3812953347696748,39.5256251
2017-09-29,38.302502,38.532501,38.0,38.529999,105199200,43.211374486421455,-0.37544549115076364,39.402125049999995
2017-10-02,38.564999,38.612499,38.18,38.452499,74795200,41.67564306097027,-0.37276603542482434,39.27412495
2017-10-03,38.502499,38.772499,38.477501,38.619999,64921200,46.47247245691838,-0.3530568774010874,39.1791249
2017-10-04,38.407501,38.465,38.115002,38.369999,80655200,40.65082778904417,-0.3535348091215127,39.073749799999995
2017-10-05,38.544998,38.860001,38.512501,38.8475,85135200,53.60249342068143,-0.31178912247372637,39.00037485
2017-10-06,38.7425,38.872501,38.639999,38.825001,69630400,52.967085311609786,-0.27732402755055574,38.95874985
2017-10-09,38.952499,39.182499,38.872501,38.959999,65051600,56.57087737741063,-0.23639200129962035,38.8879998
2017-10-10,39.014999,39.5,38.775002,38.974998,62468000,56.99797630982117,-0.20043232259818922,38.8259997
2017-10-11,38.9925,39.244999,38.9375,39.137501,67622400,61.75239615652211,-0.15701145384239368,38.78724985
2017-10-12,39.087502,39.342499,38.932499,39.0,64500400,55.675724424916645,-0.13217169109819338,38.75874985
2017-10-13,39.182499,39.32,39.102501,39.247501,65576800,63.26658707970074,-0.09146043890716982,38.72262485
2017-10-16,39.474998,40.0,39.412498,39.970001,96486000,76.79877629785638,-0.0008865468611318761,38.7377499
2017-10-17,39.945,40.217499,39.807499,40.1175,75989200,78.67027706463185,0.08185230926452647,38.75949995
2017-10-18,40.105,40.177502,39.900002,39.939999,65496800,70.66722448701768,0.13158378561067252,38.805624800000004
2017-10-19,39.1875,39.27,38.755001,38.994999,170336800,43.30463608291316,0.09366304729940822,38.837999749999994
2017-10-20,39.1525,39.4375,38.990002,39.0625,95896400,45.07686433335327,0.06827037714329975,38.89249975
2017-10-23,39.2225,39.422501,38.875,39.0425,87937200,44.59499992006962,0.04600238340682239,38.9627497
2017-10-24,39.072498,39.355,39.049999,39.275002,71028800,51.61060078990408,0.046578873973324164,39.0122498
2017-10-25,39.227501,39.387501,38.817501,39.102501,84828400,46.51261750460612,0.03273896346019711,39.039499899999996
2017-10-26,39.307499,39.4575,39.195,39.352501,68002000,54.16734432082287,0.041465655070027196,39.09112495
2017-10-27,39.822498,40.900002,39.674999,40.762501,177816800,76.39538454455132,0.1603088960170993,39.202750050000006
2017-10-30,40.9725,42.017502,40.93,41.68,178803200,82.7474260361312,0.3247836187418187,39.364125099999995
2017-10-31,41.974998,42.412498,41.735001,42.259998,144187200,85.60444155635423,0.4962119898937658,39.54612505
2017-11-01,42.467499,42.485001,41.4025,41.7225,134551200,72.60505885111036,0.5819897964670062,39.713750100000006
2017-11-02,41.650002,42.125,41.32,42.0275,165573600,75.10750445362866,0.6668927526543982,39.8727501
2017-11-03,43.5,43.564999,42.779999,43.125,237594400,82.00736740841978,0.8133621029134233,40.08775005
2017-11-06,43.092499,43.747501,42.93,43.5625,140105200,84.06196645140508,0.95374849296919,40.317875099999995
2017-11-07,43.477501,43.8125,43.400002,43.702499,97446000,84.71364003650832,1.064036912608671,40.554250149999994
2017-11-08,43.665001,44.060001,43.5825,44.060001,97638000,86.37352924459026,1.1668381198748463,40.80037515
2017-11-09,43.7775,44.025002,43.285,43.970001,117930400,83.70401565496711,1.2269035885890816,41.048875200000005
2017-11-10,43.7775,43.845001,43.567501,43.6675,100582000,74.65611261720868,1.2358504875693015,41.269875150000004
2017-11-13,43.375,43.625,43.349998,43.4925,67928400,69.579860086229,1.2148162860572853,41.4460001
2017-11-14,43.259998,43.369999,42.794998,42.834999,99130000,53.6035478220272,1.1320422160856722,41.58187505
2017-11-15,42.4925,42.580002,42.095001,42.27,116632400,43.573303207016906,1.0092188254687713,41.6983751
2017-11-16,42.794998,42.967499,42.575001,42.775002,94550000,52.78589733523359,0.9417736638689931,41.88737525
2017-11-17,42.759998,42.8475,42.41,42.537498,87598000,48.445996336200686,0.8592533616028604,42.06112515
2017-11-20,42.572498,42.639999,42.389999,42.494999,65049600,47.628504486587076,0.7814184084131099,42.2337501
2017-11-21,42.695,43.424999,42.695,43.285,100525200,61.659276380040694,0.7745515771856759,42.43425
2017-11-22,43.34,43.75,43.262501,43.740002,102355600,67.50839247260868,0.7966412384498085,42.66612505
2017-11-24,43.775002,43.875,43.662498,43.7425,56106800,67.5401102607805,0.805068691138807,42.885625
2017-11-27,43.762501,43.77,43.334999,43.522499,82867200,61.3832334011766,0.7849468869362823,43.0236249
2017-11-28,43.575001,43.717499,42.965,43.267502,105715200,54.64692948239251,0.7398950359293437,43.103
2017-11-29,43.157501,43.23,41.790001,42.369999,166665600,37.671185242864915,0.6245704684916618,43.10850005
2017-11-30,42.607498,43.035,42.110001,42.962502,166108800,49.704686609880234,0.574364047069075,43.170500149999995
2017-12-01,42.487499,42.9175,42.125,42.762501,159037200,46.192609494302445,0.5125285767571484,43.207250200000004
2017-12-04,43.119999,43.154999,42.407501,42.450001,130169600,40.92170585285546,0.4333124267776327,43.173500250000004
2017-12-05,42.264999,42.880001,42.099998,42.41,109400800,40.23606653515431,0.3631194952919472,43.11587525
2017-12-06,41.875,42.549999,41.615002,42.252499,114240000,37.36055840345809,0.2914227370590865,43.043375250000004
2017-12-07,42.2575,42.610001,42.227501,42.330002,102693200,39.829248122823905,0.23811158189592163,42.9568753
2017-12-08,42.622501,42.75,42.205002,42.342499,93420800,40.27207108479621,0.1946269722165681,42.8755002
2017-12-11,42.299999,43.2225,42.197498,43.1675,141095200,61.87936296146051,0.22415190796959195,42.8505002
2017-12-12,43.037498,43.0975,42.865002,42.924999,77636800,55.049918023382155,0.22538473332630105,42.82212515
2017-12-13,43.125,43.384998,43.0,43.067501,95273600,58.211812175537915,0.23514981606073349,42.833750249999994
2017-12-14,43.099998,43.282501,42.912498,43.055,81906000,57.79572613194817,0.23912352115397084,42.873000250000004
2017-12-15,43.407501,43.5425,43.115002,43.4925,160677200,67.3302316826242,0.2744120533933625,42.90887515
2017-12-18,43.720001,44.299999,43.715,44.105,117684400,76.13588972142443,0.3477929598100573,42.98725025
2017-12-19,43.7575,43.8475,43.522499,43.634998,109745600,61.335639397903726,0.3638286333865466,43.0442502
2017-12-20,43.717499,43.855,43.3125,43.587502,93902400,59.96142127498523,0.36845714535233753,43.0593753
2017-12-21,43.5425,44.005001,43.525002,43.752499,83799600,63.294458834573824,0.3810466844098457,43.06000015
2017-12-22,43.669998,43.855,43.625,43.752499,65397600,63.294458834573824,0.3865678710285749,43.0605001
2017-12-26,42.700001,42.8675,42.419998,42.642502,132742000,35.916720566832126,0.29794148594604764,43.01650025
2017-12-27,42.525002,42.695,42.427502,42.650002,85992800,36.13448379755277,0.225707805485996,42.98562525
2017-12-28,42.75,42.962502,42.619999,42.77,65920800,39.94388398150116,0.17611478739922148,43.0056253
2017-12-29,42.630001,42.647499,42.305,42.307499,103999600,31.496259354445712,0.09835818590786971,42.97287515
2018-01-02,42.540001,43.075001,42.314999,43.064999,102223600,51.21203185725104,0.09674423105388286,42.98800005
2018-01-03,43.1325,43.637501,42.990002,43.057499,118071600,51.04234214171079,0.09377894755228056,43.01837495
2018-01-04,43.134998,43.3675,43.02,43.2575,89738400,55.61756576791155,0.10634150950911447,43.06074995
2018-01-05,43.360001,43.842499,43.262501,43.75,94640000,65.0113356097041,0.15425985281422072,43.135625
2018-01-08,43.587502,43.9025,43.482498,43.587502,82271200,60.11365451764419,0.1770819639186314,43.198499999999996
2018-01-09,43.637501,43.764999,43.352501,43.5825,86336000,59.951457219564915,0.1925454872748702,43.260500050000005
2018-01-10,43.290001,43.575001,43.25,43.572498,95839600,59.576453922098636,0.20166865244257792,43.28074995
2018-01-11,43.647499,43.872501,43.622501,43.82,74670800,65.75964000738833,0.22626196244642216,43.3255
2018-01-12,44.044998,44.34,43.912498,44.272499,101672400,74.18276634151164,0.2790485276922112,43.3857499
2018-01-16,44.474998,44.8475,44.035,44.047501,118263600,64.91849514163789,0.2992769246489715,43.435374949999996
2018-01-17,44.037498,44.8125,43.767502,44.775002,137547200,76.15282024246211,0.36974908836554476,43.49950005
2018-01-18,44.842499,45.025002,44.5625,44.814999,124773600,76.6327925704934,0.42393930109656,43.535000000000004
2018-01-19,44.6525,44.895,44.352501,44.615002,129700400,68.58044809646091,0.4456106267280333,43.584000200000006
2018-01-22,44.325001,44.445,44.150002,44.25,108434400,56.04209235558274,0.428394433114768,43.617125099999996
2018-01-23,44.325001,44.860001,44.205002,44.259998,130756400,56.29742829123019,0.41082153574694047,43.64250005
2018-01-24,44.3125,44.325001,43.299999,43.555,204420400,38.09400393593053,0.3361327126154876,43.6326251
2018-01-25,43.627499,43.737499,42.6325,42.7775,166116000,26.901989926310833,0.21176246414935207,43.639375
2018-01-26,43.0,43.0,42.514999,42.877499,156572000,29.988468385898756,0.11988526704170255,43.65074985
2018-01-29,42.540001,42.540001,41.767502,41.990002,202561600,20.865962609284836,-0.024261987296668508,43.611749950000004
2018-01-30,41.3825,41.842499,41.174999,41.7425,184192800,18.98677683490432,-0.15666512972932622,43.5835
2018-01-31,41.717499,42.110001,41.625,41.857498,129915600,22.75767656424901,-0.24944079824803111,43.523124949999996
2018-02-01,41.7925,42.154999,41.689999,41.945,188923200,25.82270526483707,-0.3123054411245363,43.467499999999994
2018-02-02,41.5,41.700001,40.025002,40.125,346375200,13.155411355215975,-0.5031845152742136,43.310874999999996
2018-02-05,39.775002,40.970001,39.0,39.122501,290954000,10.00228881413183,-0.7269707811718433,43.07950005
2018-02-06,38.7075,40.93,38.5,40.7575,272975200,38.19069896743123,-0.763590063215041,42.937999950000005
2018-02-07,40.772499,40.849998,39.767502,39.884998,206434400,31.958741078588503,-0.8531798019871673,42.75312485
2018-02-08,40.072498,40.25,38.7575,38.787498,217562000,25.784191197327857,-1.0011982035666236,42.51387484999999
2018-02-09,39.267502,39.4725,37.560001,39.102501,282690400,30.293850025569768,-1.0806289261309558,42.277999900000005
2018-02-12,39.625,40.9725,39.377499,40.677502,243278000,48.53561894929039,-1.0049050087539513,42.098250050000004
2018-02-13,40.487499,41.1875,40.412498,41.084999,130196800,52.30330343167579,-0.9016183611365847,41.950124949999996
2018-02-14,40.759998,41.884998,40.720001,41.842499,162579600,58.83856910354547,-0.7499935704262626,41.8034998
2018-02-15,42.447498,43.272499,42.25,43.247501,204588800,68.2517404312523,-0.5105723518306959,41.7251249
2018-02-16,43.09,43.705002,42.942501,43.107498,160704400,66.48419294661932,-0.32834146715519097,41.6497497
2018-02-20,43.012501,43.564999,42.855,42.962502,135722000,64.46694213248477,-0.1933928313877118,41.5853748
2018-02-21,43.2075,43.529999,42.752499,42.767502,149886400,61.53735961234984,-0.10101549189595005,41.510749999999994
2018-02-22,42.950001,43.487499,42.927502,43.125,123967600,64.94464727695424,0.0010294492089428786,41.48925
2018-02-23,43.4175,43.912498,43.384998,43.875,135249600,71.19106881667896,0.1407965176049757,41.544124999999994
2018-02-26,44.087502,44.8475,44.052502,44.7425,152648800,76.77549364541666,0.3178983915038103,41.63737505
2018-02-27,44.775002,45.119999,44.540001,44.5975,155712400,73.97905440617964,0.4414636956524305,41.76774995
2018-02-28,44.814999,45.154999,44.512501,44.529999,151128400,72.54398413544689,0.5278584986674133,41.9071249
2018-03-01,44.634998,44.945,43.165001,43.75,195208000,57.50549060276361,0.5273091107313732,42.00175
2018-03-02,43.200001,44.075001,43.112499,44.052502,153816000,61.14950804084093,0.5450006716278537,42.1071251
2018-03-05,43.802502,44.435001,43.630001,44.205002,113605600,63.01487017839981,0.5648159894626659,42.3111252
2018-03-06,44.477501,44.5625,44.032501,44.1675,95154000,62.15862252972945,0.5709125491399405,42.56337515
2018-03-07,43.735001,43.962502,43.567501,43.7575,126814000,52.976991173288006,0.5364763773869257,42.71337515
2018-03-08,43.869999,44.279999,43.767502,44.235001,95096400,60.83712974075327,0.5414740276956778,42.9308753
2018-03-09,44.490002,45.0,44.3475,44.994999,128740800,70.11352810882978,0.5998455425792173,43.24125035
2018-03-12,45.072498,45.5975,45.052502,45.43,128828400,74.1951341022655,0.6734432987691221,43.5576253
2018-03-13,45.647499,45.875,44.810001,44.9925,126774000,63.94768340784772,0.6885305060544482,43.7733752
2018-03-14,45.080002,45.130001,44.452499,44.610001,117473600,56.05134921333158,0.6619917253685372,43.9496253
2018-03-15,44.625,45.060001,44.517502,44.662498,90975200,56.90345618493658,0.6378429630035782,44.090625249999995
2018-03-16,44.662498,44.779999,44.404999,44.505001,157618800,53.28722438752685,0.599090263566616,44.15350025
2018-03-19,44.330002,44.3675,43.415001,43.825001,133787200,40.365705217050056,0.5076562082975755,44.1893754
2018-03-20,43.810001,44.200001,43.735001,43.810001,78597600,40.115365150958546,0.4290380030777001,44.23175035
2018-03-21,43.759998,43.772499,42.814999,42.817501,148219600,27.127988073511048,0.2833794320014178,44.2342503
2018-03-22,42.5,43.169998,42.150002,42.212502,165963200,22.0509641054109,0.11776804518094508,44.1886254
2018-03-23,42.0975,42.48,41.235001,41.235001,164115200,16.30050978586155,-0.09130383959499255,44.05662545
2018-03-26,42.017502,43.275002,41.610001,43.192501,150164800,47.98898102760696,-0.09791225257220759,43.979125499999995
2018-03-27,43.419998,43.787498,41.73,42.084999,163690400,38.394225307293404,-0.19032171285267907,43.85350045
2018-03-28,41.8125,42.505001,41.297501,41.619999,166674000,34.969418861909006,-0.29764739583194455,43.70800045
2018-03-29,41.952499,42.9375,41.724998,41.945,153594000,39.378757845583976,-0.35241647057828374,43.61775045
2018-04-02,41.66,42.235001,41.1175,41.669998,150347200,36.90829791028536,-0.413248053692044,43.498625249999996
2018-04-03,41.91,42.1875,41.220001,42.0975,121112000,43.353519090161946,-0.4220960227561932,43.39325015
2018-04-04,41.220001,43.002499,41.192501,42.9025,138422000,53.73623701002905,-0.36000145694884367,43.33000015
2018-04-05,43.145,43.557499,43.02,43.200001,107732800,57.124569014046486,-0.2835170141430936,43.3021252
2018-04-06,42.7425,43.119999,42.049999,42.095001,140021200,43.36259086023385,-0.3085104904161682,43.1951252
2018-04-09,42.470001,43.272499,42.462502,42.512501,116070800,48.799738185253084,-0.2912716414515799,43.071000299999994
2018-04-10,43.25,43.5,42.8825,43.3125,113634400,57.846293510970234,-0.21062850176192427,42.9651253
2018-04-11,43.057499,43.48,42.924999,43.110001,89726400,54.977644470032594,-0.16119999628699588,42.871000349999996
2018-04-12,43.352501,43.75,43.259998,43.535,91557200,59.852604638065365,-0.0867338681082046,42.8172503
2018-04-13,43.695,43.959999,43.462502,43.682499,100497200,61.538821408297736,-0.015636737847231075,42.76825035
2018-04-16,43.7575,44.047501,43.7075,43.955002,86313600,64.73161338771419,0.06198246948368791,42.7407504
2018-04-17,44.122501,44.735001,44.102501,44.560001,106421600,70.97299126854264,0.17035091432150296,42.7775004
2018-04-18,44.452499,44.705002,44.220001,44.459999,83018000,68.63083959853697,0.24533627806255254,42.8100003
2018-04-19,43.439999,43.8475,43.165001,43.200001,139235200,46.21299061237897,0.2007769786794782,42.8291253
2018-04-20,42.650002,42.805,41.357498,41.43,261964400,30.0996274995766,0.022381128978437914,42.790000199999994
2018-04-23,41.7075,41.73,41.022499,41.310001,146062000,29.291799182381283,-0.12721532453637252,42.7937502
2018-04-24,41.4175,41.5825,40.305,40.735001,134768000,25.47033635627315,-0.28883972173986905,42.6708752
2018-04-25,40.654999,41.355,40.602501,40.912498,113528400,28.814923451073227,-0.39801759736380404,42.61225015
2018-04-26,41.029999,41.432499,40.842499,41.055,111852000,31.686349107981925,-0.46765232501943643,42.5840002
2018-04-27,41.0,41.0825,40.157501,40.580002,142623200,27.38984008804144,-0.5547716549488513,42.5157503
2018-04-30,40.532501,41.814999,40.459999,41.314999,169709600,41.66849458340882,-0.5580731168029587,42.49800035
2018-05-01,41.602501,42.299999,41.317501,42.275002,214277600,55.11775200689113,-0.4777184887193826,42.506875449999995
2018-05-02,43.807499,44.4375,43.450001,44.142502,266157600,70.53568794325052,-0.26034413920981336,42.56887555
2018-05-03,43.970001,44.375,43.610001,44.2225,136272800,71.03299040326746,-0.08068810880533306,42.620000499999996
2018-05-04,44.5625,46.0625,44.5425,45.9575,224805200,79.7016531993191,0.19939212138399398,42.81312545
2018-05-07,46.294998,46.9175,46.1875,46.290001,169805600,80.97463366841106,0.44308022057638397,43.002000450000004
2018-05-08,46.247501,46.555,45.9175,46.512501,113611200,81.86264571575147,0.6467038855211129,43.1620005
2018-05-09,46.637501,46.849998,46.305,46.84,92844800,83.20851157620312,0.8249935274519231,43.34850045
2018-05-10,46.935001,47.592499,46.912498,47.509998,111957200,85.73496353475691,1.008724642611945,43.54725035
2018-05-11,47.372501,47.514999,46.862499,47.147499,104848800,78.29867302103834,1.112260785342876,43.72050035
2018-05-14,47.252499,47.3825,46.965,47.037498,83115200,75.96599800259276,1.1719285007549516,43.87462515
2018-05-15,46.695,46.767502,46.275002,46.610001,94780800,66.92582397255617,1.171219075499387,43.97712515
2018-05-16,46.517502,47.115002,46.5,47.044998,76732400,71.019912388402,1.1920166474444684,44.1063751
2018-05-17,47.0,47.227501,46.59,46.747501,69176000,64.63601529847509,1.1709948517040658,44.2837501
2018-05-18,46.797501,46.952499,46.532501,46.577499,73190800,60.98156118199986,1.1276187000361872,44.541125050000005
2018-05-21,47.0,47.317501,46.727501,46.907501,73603200,65.41051692911958,1.107109125937015,44.821000049999995
2018-05-22,47.095001,47.220001,46.695,46.790001,60962800,62.46516348710023,1.06905052371188,45.12375005
2018-05-23,46.587502,47.125,46.439999,47.09,80233600,66.90422462612764,1.0509811627239571,45.43262514999999
2018-05-24,47.192501,47.209999,46.552502,47.037498,92936000,65.32679220954249,1.0206590689274435,45.73175005
2018-05-25,47.057499,47.412498,46.912498,47.145,69844000,67.17555864986355,0.9938466584723145,46.05999995
2018-05-29,46.900002,47.1875,46.717499,46.974998,90056400,61.15919519149101,0.9479524832328678,46.3429999
2018-05-30,46.93,47.0,46.695,46.875,74762000,57.61788350885418,0.8932155825953174,46.572999800000005
2018-05-31,46.805,47.057499,46.535,46.717499,109931200,52.07690636752185,0.82758726918874,46.70174965
2018-06-01,46.997501,47.564999,46.9375,47.560001,93770000,70.05096891199986,0.8339460177255944,46.868624700000005
2018-06-04,47.91,48.355,47.837502,47.9575,105064800,75.17588801165164,0.8611336068330928,46.9686247
2018-06-05,48.267502,48.485001,48.09,48.327499,86264000,79.06604270002883,0.902136525856541,47.0704996
2018-06-06,48.407501,48.52,47.98,48.494999,83734400,80.66622975640901,0.9373423851956275,47.1696245
2018-06-07,48.535,48.549999,48.084999,48.365002,85388800,75.44452338596052,0.9438732278664759,47.2458746
2018-06-08,47.7925,48.0,47.442501,47.924999,106627200,60.08561652892652,0.9031336404676722,47.26662465
2018-06-11,47.837502,47.9925,47.552502,47.807499,73234000,56.50196977056121,0.8515498196797964,47.29962465
2018-06-12,47.8475,48.1525,47.787498,48.07,67644400,62.354079709921066,0.8223711245362537,47.35124975
2018-06-13,48.105,48.220001,47.610001,47.674999,86553600,50.44063278577125,0.7586285215088537,47.40449965
2018-06-14,47.887501,47.892502,47.555,47.700001,86440400,51.13013716048248,0.7020368579231686,47.437249800000004
2018-06-15,47.5075,47.540001,47.064999,47.209999,246876800,38.79041048360377,0.6106097612913928,47.4603747
2018-06-18,46.970001,47.305,46.799999,47.185001,73939600,38.24110589570433,0.5300261868785654,47.490749799999996
2018-06-19,46.285,46.5825,45.862499,46.422501,134314000,25.427450454110698,0.4000245124881303,47.4664998
2018-06-20,46.587502,46.799999,46.432499,46.625,82514800,32.441259932439124,0.30976643127068115,47.45824975
2018-06-21,46.8125,47.087502,46.235001,46.365002,102847600,28.435137482824473,0.21478072739637355,47.421999850000006
2018-06-22,46.529999,46.537498,46.174999,46.23,108801600,26.456035150127093,0.12714469470400758,47.38162495
2018-06-25,45.849998,46.23,45.182499,45.5425,126652400,18.71647516825935,0.002191738096563256,47.30149995000001
2018-06-26,45.747501,46.6325,45.634998,46.107498,98276800,36.52139053987817,-0.05065978902432278,47.25812495
2018-06-27,46.307499,46.82,46.0075,46.040001,101141200,35.439437152862595,-0.09687473717859518,47.216375
2018-06-28,46.025002,46.552502,45.950001,46.375,69460800,44.892597354934026,-0.10525547733161744,47.19925005
2018-06-29,46.572498,46.797501,45.727501,46.2775,90950800,42.766321996378885,-0.11839986944773528,47.135125
2018-07-02,45.955002,46.825001,45.855,46.794998,70925200,55.745635700791404,-0.08606700435981196,47.0769999
2018-07-03,46.947498,46.987499,45.884998,45.98,55819200,39.34970134501431,-0.12476825246061196,46.95962495
2018-07-05,46.314999,46.602501,46.07,46.349998,66416800,47.52440948617438,-0.12415237273946644,46.8523749
2018-07-06,46.355,47.107498,46.299999,46.9925,69940800,58.78001856720099,-0.07100128324010768,46.783749799999995
2018-07-09,47.375,47.669998,47.325001,47.645,79026400,67.13273986393901,0.023501721732209546,46.76974985
2018-07-10,47.677502,47.82,47.544998,47.587502,63756400,65.76274436728016,0.09268797666227613,46.758750000000006
2018-07-11,47.125,47.445,46.9025,46.970001,75326000,52.371731770421036,0.09657811967971952,46.70375005
2018-07-12,47.3825,47.852501,47.327499,47.7575,72164400,63.44624452503086,0.16134578022409585,46.7078751
2018-07-13,47.77,47.959999,47.724998,47.8325,50055600,64.36684698634349,0.21623388144576694,46.71450005
2018-07-16,47.880001,48.162498,47.605,47.727501,60172400,61.82373177975942,0.24839718717277748,46.74037515
2018-07-17,47.4375,47.967499,47.299999,47.862499,62138000,63.959636719567094,0.28153469237573603,46.77425005
2018-07-18,47.945,47.950001,47.482498,47.599998,65573600,56.75601705747007,0.28334850195211203,46.8331249
2018-07-19,47.422501,48.137501,47.422501,47.970001,81147200,63.513672066075486,0.3110564439056702,46.90037495
2018-07-20,47.945,48.107498,47.5425,47.860001,82704800,60.248181015124565,0.3204452138817473,46.9751249
2018-07-23,47.669998,47.990002,47.389999,47.9025,63957600,61.1485516147018,0.3275395241036563,47.058749899999995
2018-07-24,48.112499,48.415001,48.012501,48.25,74791600,68.05153964233425,0.35708589793446066,47.1941249
2018-07-25,48.264999,48.712502,48.107498,48.705002,66839600,74.8717458843137,0.4124618671986511,47.3240001
2018-07-26,48.6525,48.990002,48.4025,48.552502,76304000,69.10341196660089,0.43898193579939004,47.44962515
2018-07-27,48.747501,48.797501,47.525002,47.744999,96096000,46.81988725982234,0.39034093044898555,47.518125100000006
2018-07-30,47.974998,48.049999,47.267502,47.477501,84118000,41.631529162436614,0.32644467918643727,47.57812515
2018-07-31,47.575001,48.035,47.334999,47.572498,157492000,44.19376129244992,0.28024145464526384,47.61700015
2018-08-01,49.782501,50.439999,49.327499,50.375,271742800,77.7740159689769,0.46441012539341386,47.83675015
2018-08-02,50.145,52.095001,50.087502,51.8475,249616000,83.76310105161122,0.7208737833825012,48.111625249999996
2018-08-03,51.7575,52.185001,51.369999,51.997501,133789600,84.26694740520907,0.9255576546459352,48.3618753
2018-08-06,52.0,52.3125,51.767502,52.267502,101701600,85.22946622534381,1.096913386779427,48.5930004
2018-08-07,52.330002,52.375,51.689999,51.7775,102349600,75.45558821582843,1.1795775371771313,48.8025003
2018-08-08,51.512501,51.952499,51.130001,51.8125,90102000,75.68792403550052,1.2336924409112129,49.04462525
2018-08-09,52.3825,52.445,51.799999,52.220001,93970400,78.45780394717212,1.2945381866753962,49.2677503
2018-08-10,51.84,52.275002,51.6675,51.8825,98444800,70.67723069604224,1.3005336263860698,49.470250300000004
2018-08-13,52.327499,52.737499,51.924999,52.217499,103563600,73.69776228923931,1.3171335791350458,49.6947502
2018-08-14,52.540001,52.639999,52.064999,52.4375,82992000,75.62177695911981,1.3326791081647542,49.923500250000004
2018-08-15,52.305,52.685001,52.0825,52.560001,115230400,76.7276801871403,1.3394435869411367,50.1715004
2018-08-16,52.9375,53.452499,52.8675,53.330002,114001600,82.53707119194469,1.3909036590657564,50.439500450000004
2018-08-17,53.360001,54.487499,53.290001,54.395,141708000,87.55142409625407,1.5003277308549556,50.766250400000004
2018-08-20,54.525002,54.794998,53.7775,53.865002,121150800,75.04108342565516,1.5266820465774913,51.0643755
2018-08-21,54.200001,54.297501,53.5075,53.759998,104639200,72.64185686421729,1.5215555412708923,51.339875400000004
2018-08-22,53.525002,54.09,53.459999,53.762501,76072400,72.66616068746397,1.5003990537369987,51.592750349999996
2018-08-23,53.662498,54.262501,53.650002,53.872501,75532800,73.8569183506075,1.4754998221507662,51.8587503
2018-08-24,54.150002,54.224998,53.7775,54.040001,73905600,75.73482938272831,1.4525388877495828,52.1735004
2018-08-27,54.287498,54.685001,54.0825,54.485001,82100400,80.15352099347217,1.4534949774609132,52.523875399999994
2018-08-28,54.752499,55.134998,54.73,54.924999,91107200,83.59879377697779,1.4727795608249323,52.89150045
2018-08-29,55.037498,55.872501,54.852501,55.744999,109019200,88.09299579849785,1.536517857639204,53.1600004
2018-08-30,55.8125,57.064999,55.599998,56.2575,195175200,90.07587661414753,1.6098283653126089,53.3805004
2018-08-31,56.627499,57.217499,56.5,56.907501,173360400,92.03784073794027,1.700771681976235,53.626000399999995
2018-09-04,57.102501,57.294998,56.657501,57.09,109560400,92.52209358855302,1.76719987956767,53.8671253
2018-09-05,57.247501,57.4175,56.275002,56.717499,133332000,80.81740247881265,1.7693905542667352,54.114125249999994
2018-09-06,56.557499,56.837502,55.325001,55.775002,137160000,58.843310916674874,1.675757954053573,54.31225035
2018-09-07,55.462502,56.342499,55.177502,55.325001,150479200,51.10339741063572,1.5474046068318117,54.46750035
2018-09-10,55.237499,55.462502,54.1175,54.5825,158066000,40.77821806407715,1.3699777780189635,54.60250035
2018-09-11,54.502499,56.075001,54.139999,55.962502,142996000,58.819543764592645,1.3254415015642351,54.789750500000004
2018-09-12,56.235001,56.25,54.959999,55.267502,197114800,49.88959734150586,1.220002065577603,54.9312506
2018-09-13,55.880001,57.087502,55.642502,56.602501,166825600,62.61054054674304,1.2299853101399023,55.1333756
2018-09-14,56.4375,56.709999,55.630001,55.959999,127997200,54.79950853217433,1.172536293085976,55.26487545
2018-09-17,55.537498,55.737499,54.317501,54.470001,148780400,40.970519634543855,0.995303903165258,55.2686255
2018-09-18,54.447498,55.462502,54.279999,54.560001,126286800,42.00192866565632,0.8522836101713551,55.30337545
2018-09-19,54.625,54.904999,53.825001,54.592499,108495200,42.425719348760694,0.7331104733793055,55.345000500000005
2018-09-20,55.060001,55.57,54.787498,55.0075,106435200,48.078056885244635,0.6644921642302108,55.40725045000001
2018-09-21,55.195,55.34,54.322498,54.415001,384986800,41.321025618540546,0.5558939429398464,55.434375450000005
2018-09-24,54.205002,55.314999,54.157501,55.197498,110773600,51.76593615701248,0.5268963058270018,55.4922503
2018-09-25,54.9375,55.705002,54.924999,55.547501,98217600,55.865488271740816,0.5260933103018104,55.5453753
2018-09-26,55.25,55.9375,54.939999,55.105,95938800,49.642162584417555,0.484169592322786,55.55437535000001
2018-09-27,55.955002,56.610001,55.884998,56.237499,120724800,62.211425278226784,0.5361475729110552,55.57900035
2018-09-28,56.197498,56.459999,56.005001,56.435001,91717600,64.037718183302,0.5865162634242367,55.587875399999994
2018-10-01,56.987499,57.355,56.587502,56.814999,94403200,67.55724478761616,0.6496081974340058,55.583250299999996
2018-10-02,56.8125,57.5,56.657501,57.32,99152800,71.83148291197783,0.7319212374993924,55.59475030000001
2018-10-03,57.512501,58.3675,57.445,58.017502,114619200,76.76431631646903,0.8437117134765373,55.659750450000004
2018-10-04,57.695,58.087502,56.682499,56.997501,128168000,59.105478075514235,0.8403142947865518,55.7208754
2018-10-05,56.990002,57.102501,55.145,56.072498,134322000,47.53597980893621,0.754286855131582,55.75825025
2018-10-08,55.552502,56.200001,55.049999,55.942501,118655600,46.057801012231366,0.6679204467964155,55.826250300000005
2018-10-09,55.91,56.817501,55.5625,56.717499,107564000,55.64989112475172,0.6544660306159074,55.864000149999995
2018-10-10,56.365002,56.587502,54.012501,54.09,167962400,32.67079092061887,0.4268654591854144,55.80512505
2018-10-11,53.630001,54.875,53.080002,53.612499,212497600,30.040775163380246,0.2055901116636889,55.65562494999999
2018-10-12,55.105,55.720001,54.209999,55.5275,161351600,49.18161760244958,0.18264694068040654,55.634
2018-10-15,55.290001,55.4575,54.317501,54.34,123164000,41.05525469595972,0.06786073047208419,55.62749995
2018-10-16,54.732498,55.747501,54.189999,55.537498,116736000,50.64879923972288,0.07268207882199107,55.676374800000005
2018-10-17,55.575001,55.66,54.834999,55.297501,91541600,48.79201862679177,0.05648614287025566,55.71162489999999
2018-10-18,54.465,54.935001,53.25,54.005001,130325200,39.657454958289556,-0.059952110571934725,55.66149994999999
2018-10-19,54.514999,55.314999,54.357498,54.827499,132314800,47.021102988795306,-0.08488307141043805,55.68212485
2018-10-22,54.947498,55.84,54.735001,55.162498,115168400,49.92477625873785,-0.07672498008550122,55.68037485
2018-10-23,53.9575,55.8125,53.674999,55.682499,155071200,54.446216029617275,-0.027977393092051273,55.687124749999995
2018-10-24,55.650002,56.057499,53.634998,53.772499,163702000,39.25670801273044,-0.1418306808539782,55.620499699999996
2018-10-25,54.427502,55.345001,54.1875,54.950001,119423200,49.408226019462276,-0.13548388715344828,55.556124800000006
2018-10-26,53.974998,55.047501,53.1675,54.075001,189033600,43.15559296813473,-0.19876792186495607,55.438124800000004
2018-10-29,54.797501,54.922501,51.522499,53.060001,183742000,36.84528717218083,-0.3270529300079872,55.25037490000001
2018-10-30,52.787498,53.794998,52.317501,53.325001,146640000,39.53819237685341,-0.4026944272139801,55.05062495
2018-10-31,54.220001,55.112499,54.154999,54.715,153435600,52.04998304248038,-0.34648548710796945,54.885499849999995
2018-11-01,54.762501,55.59,54.202499,55.555,233292800,58.155081309412374,-0.231490044151883,54.8133748
2018-11-02,52.387501,53.412498,51.357498,51.869999,365314800,35.21046601949956,-0.43271602993669234,54.60324985
2018-11-05,51.075001,51.0975,49.5425,50.397499,264654800,29.740274107445387,-0.7029048674611289,54.325999749999994
2018-11-06,50.48,51.18,50.422501,50.942501,127531600,34.157281496670635,-0.863105023727158,54.03724985
2018-11-07,51.4925,52.514999,51.032501,52.487499,133697600,45.49087215969428,-0.8555343082805678,53.957124799999995
2018-11-08,52.494999,52.529999,51.6875,52.122501,101450400,43.43041720898815,-0.8689698069103926,53.88262490000001
2018-11-09,51.387501,51.502499,50.5625,51.1175,137463200,37.91395386821516,-0.9497644248464567,53.6621249
2018-11-12,49.75,49.962502,48.447498,48.5425,204542000,27.480137907188265,-1.2076546306385723,53.3722499
2018-11-13,47.907501,49.294998,47.862499,48.057499,187531600,25.913113086811606,-1.4346324542006172,52.99824995
2018-11-14,48.474998,48.619999,46.482498,46.700001,243204000,21.84532095984183,-1.7044054332967988,52.56837495
2018-11-15,47.0975,47.9925,46.724998,47.852501,185915200,32.36199630975348,-1.8044052837761697,52.260749950000005
2018-11-16,47.625,48.7425,47.365002,48.3825,147713200,36.91629569803034,-1.8199105992939195,51.9385
2018-11-19,47.5,47.674999,46.247501,46.465,167701200,28.746328808040445,-1.96428187955091,51.5036251
2018-11-20,44.592499,45.3675,43.877499,44.244999,271300800,22.130808021310145,-2.232102399643402,50.9317501
2018-11-21,44.932499,45.067501,44.137501,44.195,124496800,21.99778843028774,-2.4204847512868852,50.45287515
2018-11-23,43.735001,44.150002,43.025002,43.072498,94496000,19.005697755337366,-2.6300382091125556,49.859
2018-11-26,43.560001,43.737499,42.564999,43.654999,179994000,25.167953176847575,-2.717779007020283,49.3379999
2018-11-27,42.877499,43.692501,42.720001,43.560001,165549600,24.808819686529773,-2.7631281449021614,48.8629999
2018-11-28,44.182499,45.322498,43.732498,45.235001,184250000,41.87140918980257,-2.6335512227879434,48.4584999
2018-11-29,45.665001,45.700001,44.424999,44.887501,167080000,39.691386101968305,-2.5297396601880564,47.96712495
2018-11-30,45.072498,45.0825,44.2575,44.645,158126000,38.07734108090581,-2.438921681966626,47.42162495
2018-12-03,46.115002,46.235001,45.302502,46.205002,163210000,52.55678546112344,-2.2155294120556377,47.138375100000005
2018-12-04,45.237499,45.5975,44.067501,44.172501,165377200,38.77497601468913,-2.177395611845533,46.8271252
2018-12-06,42.939999,43.695,42.605,43.68,172393600,36.09892232979193,-2.161992906702615,46.46400015
2018-12-07,43.372501,43.622501,42.075001,42.122501,169126400,28.772548644871335,-2.2495320988931837,45.945750249999996
2018-12-10,41.25,42.522499,40.8325,42.400002,248104000,31.65578442072764,-2.2703444107360085,45.4596253
2018-12-11,42.915001,42.947498,41.75,42.157501,189126800,30.401146286788062,-2.2801222914022077,45.011625349999996
2018-12-12,42.599998,42.98,42.255001,42.275002,142510800,31.926320479699214,-2.2524254253554616,44.69825045
2018-12-13,42.622501,43.142502,42.387501,42.737499,127594400,38.15031237787761,-2.168162588135303,44.43225045
2018-12-14,42.25,42.27,41.32,41.369999,162814800,29.002929389240293,-2.186524609251869,44.16575035
2018-12-17,41.362499,42.087502,40.682499,40.985001,177151600,26.885563845474863,-2.206705239935772,43.82237535
2018-12-18,41.345001,41.8825,41.0975,41.517502,135366000,34.59104766971899,-2.154889925059223,43.479125450000005
2018-12-19,41.5,41.862499,39.772499,40.2225,196189200,26.628666025952484,-2.193041733346142,43.16700045
2018-12-20,40.099998,40.5275,38.825001,39.2075,259092000,21.998339950232676,-2.2789094836182713,42.9151255
2018-12-21,39.215,39.540001,37.407501,37.682499,382978400,16.85956674547282,-2.4418668095167533,42.58950045
2018-12-24,37.037498,37.887501,36.647499,36.7075,148676800,14.357841908076963,-2.6194900841150783,42.27125055
2018-12-26,37.075001,39.307499,36.68,39.2925,234330000,41.300085813644145,-2.5225910532833993,42.0531256
2018-12-27,38.959999,39.192501,37.517502,39.037498,212468400,39.85703707223733,-2.438267572679848,41.82700045
2018-12-28,39.375,39.630001,38.637501,39.057499,169165600,40.04871999340069,-2.342820121236265,41.518125350000005
2018-12-31,39.6325,39.84,39.119999,39.435001,140014000,43.98018662417051,-2.2112264299772093,41.24550035
2019-01-02,38.7225,39.712502,38.557499,39.48,148158800,44.48646041882998,-2.0793371342046996,40.98725035
2019-01-03,35.994999,36.43,35.5,35.547501,365248800,23.15294110053837,-2.2660125391213484,40.454375299999995
2019-01-04,36.1325,37.137501,35.950001,37.064999,234428400,36.79790584293565,-2.2653907220147715,40.0990002
2019-01-07,37.174999,37.2075,36.474998,36.982498,219111200,36.38809601063504,-2.2456684012387953,39.7641251
2019-01-08,37.389999,37.955002,37.130001,37.6875,164101200,42.745065384606285,-2.14838530204122,39.542375050000004
2019-01-09,37.822498,38.6325,37.407501,38.327499,180396400,48.22491090009796,-1.9966292750113084,39.338749899999996
2019-01-10,38.125,38.4925,37.715,38.450001,143122800,49.30834508718138,-1.8452062535490015,39.153374899999996
2019-01-11,38.220001,38.424999,37.877499,38.072498,108092800,45.858308285554244,-1.7356561911093138,38.9432497
2019-01-14,37.712502,37.817501,37.305,37.5,129756800,40.806643430108984,-1.6757161685014736,38.681374749999996
2019-01-15,37.567501,38.3475,37.512501,38.267502,114843600,49.506366969902615,-1.5484329010052917,38.526249899999996
2019-01-16,38.27,38.970001,38.25,38.735001,122278800,54.28137000774476,-1.3937702167731771,38.4137499
2019-01-17,38.549999,39.415001,38.314999,38.965,119284800,56.63515547772576,-1.2383648292206786,38.286124799999996
2019-01-18,39.375,39.470001,38.994999,39.205002,135004000,59.19283317185492,-1.083350593055954,38.2352499
2019-01-22,39.102501,39.182499,38.154999,38.325001,121576000,47.267166083001655,-1.0197543271940717,38.19112495
2019-01-23,38.537498,38.785,37.924999,38.48,92522400,49.363543075300434,-0.9459424684453666,38.231
2019-01-24,38.5275,38.619999,37.935001,38.174999,101766000,45.23512888652222,-0.9016632575346151,38.304374949999996
2019-01-25,38.869999,39.532501,38.580002,39.439999,134142000,61.01259664563148,-0.7557845224047028,38.3117499
2019-01-28,38.947498,39.0825,38.415001,39.075001,104768400,55.61869780918366,-0.6619957866487454,38.31362505
2019-01-29,39.0625,39.532501,38.5275,38.669998,166348800,49.90706991134353,-0.6132784035163183,38.29425
2019-01-30,40.8125,41.537498,40.057499,41.3125,244439200,71.88483708043573,-0.357322705580458,38.388124950000005
2019-01-31,41.5275,42.25,41.139999,41.610001,162958400,73.41675341553548,-0.1289832874759469,38.494625
2019-02-01,41.740002,42.244999,41.482498,41.630001,130672400,73.52987326506098,0.05298045363129944,38.79875
2019-02-04,41.852501,42.915001,41.82,42.8125,125982000,79.53647483176569,0.28927127696454136,39.08612505000001
2019-02-05,43.215,43.77,43.087502,43.544998,144406400,82.4195458760014,0.529535765023752,39.41425005
2019-02-06,43.662498,43.892502,43.212502,43.560001,112958400,82.47853389248749,0.7129393979473733,39.7078751
2019-02-07,43.099998,43.485001,42.584999,42.735001,126966800,67.86923743010843,0.7826950716288579,39.928250199999994
2019-02-08,42.247501,42.665001,42.105,42.602501,95280000,65.6890682749667,0.8178575501926559,40.1358752
2019-02-11,42.762501,42.802502,42.3125,42.357498,83973600,61.431967235618075,0.8165417878116727,40.350125199999994
2019-02-12,42.525002,42.75,42.424999,42.7225,89134000,65.33645820645803,0.835322568991117,40.6112502
2019-02-13,42.8475,43.119999,42.48,42.544998,89960800,61.78756591677717,0.826357807020706,40.825125
2019-02-14,42.427502,42.814999,42.345001,42.700001,87342800,63.79127254469306,0.822281861807177,41.023375
2019-02-15,42.8125,42.924999,42.4375,42.605,98507200,61.48590658748713,0.8021392966192806,41.205375
2019-02-19,42.427502,42.860001,42.372501,42.732498,75891200,63.5485106673171,0.7873876766388079,41.381749799999994
2019-02-20,42.797501,43.330002,42.747501,43.0075,104457600,67.8774849342887,0.7887945421624849,41.61587475
2019-02-21,42.950001,43.092499,42.575001,42.764999,68998800,60.48725313374421,0.761562866522496,41.8301247
2019-02-22,42.895,43.25,42.845001,43.2425,75652800,68.39271214838585,0.7696399768726749,42.08349975
2019-02-25,43.540001,43.967499,43.487499,43.557499,87493600,72.61025528270952,0.7923254966413609,42.28937474999999
2019-02-26,43.427502,43.825001,43.2925,43.5825,68280800,72.94454433093381,0.8030640833929965,42.5147497
2019-02-27,43.302502,43.75,43.182499,43.717499,111341600,74.87624022805544,0.8130949296127312,42.76712475
2019-02-28,43.580002,43.727501,43.23,43.287498,112861600,59.17574524667307,0.7773857415556833,42.86587465
2019-03-01,43.57,43.787498,43.2225,43.7425,103544800,67.57037999951757,0.7768458165359959,42.9724996
2019-03-04,43.922501,44.4375,43.4925,43.962502,109744800,70.94110100737036,0.7851198716740058,43.089124649999995
2019-03-05,43.985001,44.0,43.634998,43.8825,78949600,67.94498014295937,0.7762732325750221,43.14262465
2019-03-06,43.6675,43.872501,43.485001,43.630001,83241600,58.800700254629035,0.7403533161006095,43.1468748
2019-03-07,43.467499,43.610001,43.005001,43.125,99185600,44.74836083648869,0.6634888765141014,43.12512475
2019-03-08,42.580002,43.267502,42.375,43.227501,95997600,47.70764704918697,0.6038830406384719,43.14974975
2019-03-11,43.872501,44.779999,43.837502,44.724998,128044000,72.66340818649302,0.6697599038055557,43.2558746
2019-03-12,45.0,45.6675,44.842499,45.227501,129870400,76.96676253898778,0.7538259486936596,43.39937475
2019-03-13,45.5625,45.825001,45.23,45.427502,124130000,78.53574758918622,0.8270535457006432,43.53462485
2019-03-14,45.974998,46.025002,45.639999,45.932499,94318000,82.12299962293116,0.9152851439744865,43.7039999
2019-03-15,46.212502,46.8325,45.935001,46.529999,156171600,85.47408519180976,1.02164568229189,43.895499799999996
2019-03-18,46.450001,47.0975,46.447498,47.005001,104879200,87.62549448402619,1.1312257999788429,44.11549985
2019-03-19,47.087502,47.247501,46.48,46.6325,126585600,77.16867978785578,1.1744725269417984,44.31049995
2019-03-20,46.557499,47.372501,46.182499,47.040001,124140800,80.18640829242568,1.2274781902097374,44.512125
2019-03-21,47.505001,49.0825,47.452499,48.772499,204136800,88.03239141237194,1.3932234569842166,44.8125
2019-03-22,48.834999,49.422501,47.695,47.762501,169630800,69.35363528863454,1.426634028309131,45.03850005
2019-03-25,47.877499,47.994999,46.650002,47.185001,175381200,60.75437188885296,1.3904840881413705,45.21987515
2019-03-26,47.915001,48.220001,46.145,46.697498,199202000,54.14279861169225,1.30742638472627,45.37562505
2019-03-27,47.1875,47.439999,46.637501,47.1175,119393600,58.66421332405276,1.2609576725380762,45.545625099999995
2019-03-28,47.237499,47.389999,46.8825,47.18,83121600,59.359873742168084,1.2151664288289368,45.740250200000006
2019-03-29,47.4575,47.52,47.134998,47.487499,94256000,62.93991459155196,1.1899718825744472,45.92750015
2019-04-01,47.91,47.919998,47.095001,47.810001,111448000,66.54585363085951,1.1823982878443005,46.1198751
2019-04-02,47.772499,48.615002,47.762501,48.505001,91062800,73.12122903986057,1.2184315308580622,46.35100015
2019-04-03,48.3125,49.125,48.287498,48.837502,93087200,75.77844891421975,1.259301740844812,46.6113752
2019-04-04,48.697498,49.092499,48.285,48.922501,76457200,76.47214317948132,1.28375209065387,46.90125025
2019-04-05,49.112499,49.275002,48.982498,49.25,74106400,79.15562130606645,1.314403970525312,47.2023752
2019-04-08,49.105,50.057499,49.084999,50.025002,103526800,84.14740440664814,1.38526353486305,47.467375399999995
2019-04-09,50.080002,50.712502,49.807499,49.875,143072800,79.83046053169785,1.4130278370095581,47.69975035
2019-04-10,49.669998,50.185001,49.544998,50.154999,86781200,81.85740270606513,1.441013716617114,47.9361252
2019-04-11,50.212502,50.25,49.610001,49.737499,83603200,69.67652342317805,1.4132133235276854,48.1263752
2019-04-12,49.799999,50.035,49.052502,49.717499,111042800,69.10183747281404,1.3737319520356408,48.2857502
2019-04-15,49.645,49.962502,49.502499,49.807499,70146400,70.38424545410518,1.3343236757722394,48.4258751
2019-04-16,49.865002,50.342499,49.639999,49.8125,102785600,70.4637167943574,1.2886412180072213,48.5848751
2019-04-17,49.884998,50.845001,49.6525,50.782501,115627200,81.62281084435236,1.3155437457638897,48.7720001
2019-04-18,50.779999,51.037498,50.630001,50.965,96783200,83.0301123673479,1.3361875980431677,48.881625150000005
2019-04-22,50.7075,51.235001,50.584999,51.1325,77758000,84.31617240582852,1.3504961706489453,49.0501251
2019-04-23,51.107498,51.9375,50.974998,51.869999,93292000,88.71092221946115,1.4051481500905254,49.284375
2019-04-24,51.84,52.119999,51.762501,51.790001,70162400,85.67290606591575,1.4255719613328992,49.53900015
2019-04-25,51.7075,51.939999,51.279999,51.32,74172800,69.38561466147507,1.3878347312654284,49.749125150000005
2019-04-26,51.224998,51.25,50.529999,51.075001,74596400,62.19489397959155,1.3229086651867519,49.9438752
2019-04-29,51.099998,51.4925,50.965,51.1525,88818800,63.587511690529865,1.2631470388836519,50.12712525
2019-04-30,50.764999,50.849998,49.7775,50.1675,186139600,41.12446578408066,1.1233549152686066,50.2450002
2019-05-01,52.470001,53.827499,52.307499,52.630001,259309200,71.00223996353738,1.1974682324902233,50.4512502
2019-05-02,52.459999,53.162498,52.032501,52.287498,127985200,65.60025166489187,1.214565683504425,50.62375
2019-05-03,52.7225,52.959999,52.557499,52.9375,83569600,70.55957835140455,1.2659719293587983,50.82449995
2019-05-06,51.072498,52.209999,50.875,52.119999,129772400,58.239687094287454,1.2266066925853494,50.9679999
2019-05-07,51.470001,51.855,50.2075,50.715,155054800,43.13748619814564,1.0697068667077332,51.0024998
2019-05-08,50.474998,51.334999,50.4375,50.724998,105358000,43.25963725392835,0.93538682231123,51.0449997
2019-05-09,50.099998,50.419998,49.165001,50.18,139634400,38.06004768728853,0.7760150174728153,51.04624975
2019-05-10,49.355,49.712502,48.192501,49.294998,164834800,31.000842306783355,0.5717091416880464,51.0241247
2019-05-13,46.927502,47.369999,45.712502,46.43,229722400,18.23033760487135,0.176578382692135,50.859749750000006
2019-05-14,46.602501,47.424999,46.352501,47.165001,146118800,27.205522367857924,-0.07637672914444948,50.72762485
2019-05-15,46.567501,47.9375,46.505001,47.73,106178800,33.729028419270946,-0.22861939819996024,50.62349985
2019-05-16,47.477501,48.1175,47.209999,47.52,132125600,32.46735221192489,-0.36204463010157895,50.4603748
2019-05-17,46.732498,47.724998,46.689999,47.25,131516400,30.742414884892185,-0.4839926650090902,50.274624800000005
2019-05-20,45.880001,46.087502,45.07,45.772499,154449200,22.956054456708983,-0.6918837389108887,50.00662475
2019-05-21,46.305,47.0,46.174999,46.650002,113459200,34.45828213988629,-0.7768764066241403,49.7456249
2019-05-22,46.165001,46.427502,45.637501,45.695,118994400,28.967258640164843,-0.9107953068937888,49.44087485
2019-05-23,44.950001,45.134998,44.452499,44.915001,146118800,25.148606030280305,-1.067560230958108,49.1206249
2019-05-24,45.049999,45.535,44.654999,44.7425,94858800,24.321359484830708,-1.1919765876357573,48.80399985
2019-05-28,44.73,45.147499,44.477501,44.557499,111792800,23.359920658082288,-1.2906279259144284,48.4742498
2019-05-29,44.105,44.837502,44.0,44.345001,113924800,22.18471152942533,-1.370162257318917,48.18312485
2019-05-30,44.487499,44.807499,44.1675,44.575001,84873600,26.832856571178525,-1.3985135168829004,47.78037485
2019-05-31,44.057499,44.497501,43.747501,43.767502,108174400,21.55825859806268,-1.4692044408503264,47.35437505
2019-06-03,43.900002,44.48,42.567501,43.325001,161584400,19.151442054282512,-1.5431452224105584,46.8737501
2019-06-04,43.860001,44.9575,43.630001,44.91,123872000,44.871300906716044,-1.4570516669673097,46.51325015
2019-06-05,46.07,46.247501,45.285,45.634998,119093600,52.8720312033276,-1.3151602754722518,46.25925005
2019-06-06,45.77,46.3675,45.537498,46.305,90105200,59.24851684574023,-1.1355567718738797,46.038250149999996
2019-06-07,46.627499,47.98,46.442501,47.537498,122737600,68.41888934580284,-0.8835820294891263,45.90612505
2019-06-10,47.952499,48.842499,47.904999,48.145,104883600,72.03739653643049,-0.6276349119000528,45.84862515
2019-06-11,48.715,49.0,48.400002,48.702499,107731600,75.09280972835383,-0.37548115410919536,45.9622501
2019-06-12,48.487499,48.9925,48.3475,48.547501,73012800,72.52245173936028,-0.18601031647693134,46.0313751
2019-06-13,48.674999,49.197498,48.400002,48.537498,86698400,72.3360281426954,-0.03624268794479235,46.071749999999994
2019-06-14,47.887501,48.397499,47.575001,48.185001,75046000,65.42210043418027,0.05339022544016103,46.10500005
2019-06-17,48.224998,48.740002,48.0425,48.4725,58676400,68.30475127962814,0.14594140002450473,46.16612505
2019-06-18,49.012501,50.072498,48.802502,49.612499,106204000,77.12629911293041,0.30772994535382736,46.35812505
2019-06-19,49.919998,49.970001,49.327499,49.467499,84496800,74.06724512045426,0.4194135071320204,46.4989999
2019-06-20,50.092499,50.1525,49.5075,49.865002,86056000,76.98658653468422,0.5338448731162941,46.707499999999996
2019-06-21,49.700001,50.212502,49.537498,49.695,191202400,72.89229943104438,0.603853961871863,46.946499949999996
2019-06-24,49.634998,50.040001,49.5425,49.645,72881600,71.5859664692373,0.6478342569154449,47.19162495
2019-06-25,49.607498,49.814999,48.822498,48.892502,84281200,54.4516911039747,0.6148806959733406,47.4083751
2019-06-26,49.442501,50.247501,49.337502,49.950001,104270000,67.28855599908104,0.666414086164302,47.6886251
2019-06-27,50.072498,50.392502,49.892502,49.935001,83598800,66.97618894035098,0.6979982057023619,47.956625100000004
2019-06-28,49.669998,49.875,49.262501,49.48,124442400,57.525708684586434,0.6784928269278794,48.24225
2019-07-01,50.7925,51.122501,50.162498,50.387501,109012000,68.02437331712808,0.7278719651880152,48.595375
2019-07-02,50.352501,50.782501,50.34,50.682499,67740800,70.76488395687575,0.7817970910022183,48.883999949999996
2019-07-03,50.82,51.110001,50.672501,51.102501,45448000,74.40816688805924,0.8486411856885354,49.1573751
2019-07-05,50.837502,51.27,50.724998,51.057499,69062000,73.26680704358293,0.8877508873864954,49.39500005
2019-07-08,50.202499,50.349998,49.602501,50.005001,101354400,51.64940288442707,0.8243156179203766,49.5183752
2019-07-09,49.799999,50.377499,49.702499,50.310001,82312000,56.03499973749377,0.7895521946301614,49.626625250000004
2019-07-10,50.462502,50.932499,50.389999,50.807499,71588400,62.50670541784915,0.7930045986662577,49.731875249999995
2019-07-11,50.827499,51.0975,50.427502,50.4375,80767200,55.427377786297356,0.7571567944362343,49.8263752
2019-07-12,50.612499,51.0,50.549999,50.825001,70380800,60.845690204973856,0.7513541011570268,49.94075035
2019-07-15,51.022499,51.467499,51.0,51.302502,67789600,66.6703990294506,0.7763366394578597,50.0966254
2019-07-16,51.147499,51.5275,50.875,51.125,67467200,62.62975042710172,0.7729030083322073,50.2292504
2019-07-17,51.012501,51.272499,50.817501,50.837502,56430000,56.19417087219979,0.7384705166145906,50.290500550000004
2019-07-18,51.0,51.470001,50.924999,51.415001,74162400,64.69571164800857,0.7491461710624492,50.38787565
2019-07-19,51.447498,51.625,50.59,50.647499,83717200,49.731009387239794,0.6877477787231498,50.427000500000005
2019-07-22,50.912498,51.807499,50.9025,51.805,89111600,64.27190353694095,0.7241423057653193,50.5325005
2019-07-23,52.115002,52.227501,51.822498,52.209999,73420800,68.0450872404729,0.7767118149206951,50.66075045
2019-07-24,51.9175,52.287498,51.7925,52.1675,59966400,67.17655222482271,0.805657101980664,50.82450035
2019-07-25,52.2225,52.310001,51.682499,51.755001,55638400,58.69316886266113,0.7862478527885415,50.91475035
2019-07-26,51.869999,52.432499,51.785,51.935001,70475600,61.18839213487311,0.7764400609395778,51.01475035
2019-07-29,52.115002,52.66,52.110001,52.419998,86693600,67.38217370410169,0.7985967931269755,51.16175025
2019-07-30,52.189999,52.540001,51.827499,52.195,135742800,62.02486726049332,0.7889066796769129,51.2521252
2019-07-31,54.105,55.342499,52.825001,53.259998,277125600,73.61105245928592,0.8572814263507738,51.38100015
2019-08-01,53.474998,54.5075,51.685001,52.107498,216071600,53.14131086460011,0.8091444737294324,51.43125
2019-08-02,51.3825,51.607498,50.407501,51.005001,163448400,40.55503191923347,0.6742608387841713,51.4286251
2019-08-05,49.497501,49.662498,48.145,48.334999,209572000,24.296310754029847,0.3479072804790775,51.345124999999996
2019-08-06,49.077499,49.517502,48.509998,49.25,143299200,34.75434381407965,0.1612439481263266,51.29212495
2019-08-07,48.852501,49.889999,48.455002,49.759998,133457600,40.13232242893805,0.05384381083427314,51.23974990000001
2019-08-08,50.049999,50.8825,49.8475,50.857498,108038000,50.3972534967617,0.05663465699197445,51.2607498
2019-08-09,50.325001,50.689999,49.822498,50.247501,98478800,45.35464388356941,0.00951507883070235,51.2318748
2019-08-12,49.904999,50.512501,49.787498,50.119999,89927600,44.27436252338183,-0.037681503248130355,51.17274965
2019-08-13,50.255001,53.035,50.119999,52.2425,188874000,61.89924969428919,0.09508685555903895,51.22862464999999
2019-08-14,50.790001,51.610001,50.647499,50.6875,146189600,48.72675410671457,0.07397845456112861,51.22112455
2019-08-15,50.865002,51.285,49.9175,50.435001,108909600,46.83849466635931,0.036455103869748484,51.17212455
2019-08-16,51.07,51.790001,50.959999,51.625,110481600,56.17616054619239,0.10156971966574702,51.220999600000006
2019-08-19,52.654999,53.182499,52.5075,52.587502,97654400,62.407040825907934,0.22820874093422105,51.260124700000006
2019-08-20,52.720001,53.337502,52.580002,52.59,107537200,62.42321775768702,0.3250259485840701,51.27912475000001
2019-08-21,53.247501,53.412498,52.900002,53.16,86141600,66.28543272147314,0.4426459722574947,51.32874975
2019-08-22,53.297501,53.610001,52.6875,53.115002,89014800,65.66383666024961,0.5261644298676345,51.396749799999995
2019-08-23,52.357498,53.012501,50.25,50.66,187272000,41.11977914339642,0.3897623276548714,51.33299975
2019-08-26,51.465,51.797501,51.264999,51.622501,104174400,49.71665059678705,0.3552335543809946,51.293124899999995
2019-08-27,51.965,52.137501,50.8825,51.040001,103493200,45.07038724582542,0.27766561458658856,51.23537495000001
2019-08-28,51.025002,51.43,50.830002,51.3825,63755200,48.37966303767754,0.24105058922530276,51.141500050000005
2019-08-29,52.125,52.330002,51.665001,52.252499,83962000,56.19971435544432,0.27901821791119374,51.148750099999994
2019-08-30,52.540001,52.612499,51.799999,52.185001,84573600,55.439515631985145,0.30020078491111946,51.2077501
2019-09-03,51.607498,51.744999,51.055,51.424999,80092000,47.07478445869393,0.2527487814505349,51.362250100000004
2019-09-04,52.0975,52.369999,51.830002,52.297501,76752400,55.97210042417913,0.2822922570133102,51.51462515000001
2019-09-05,53.0,53.4925,52.877499,53.32,95654800,64.20051874332898,0.38378872069338854,51.692625250000006
2019-09-06,53.512501,53.605,53.127499,53.314999,77449200,64.13212682425998,0.45853614128954945,51.8155003
2019-09-09,53.709999,54.110001,52.767502,53.5425,109237600,66.05150278974091,0.530021680032533,51.980250250000005
2019-09-10,53.465,54.195,52.927502,54.174999,127111600,71.07248691564384,0.6304444960843583,52.18300025
2019-09-11,54.517502,55.927502,54.432499,55.897499,177158400,80.32021165507837,0.8393461953148815,52.3657502
2019-09-12,56.200001,56.605,55.715,55.772499,128906800,78.20356711411952,0.9834789090104081,52.620000149999996
2019-09-13,55.0,55.197498,54.255001,54.6875,159053200,61.73006501710501,0.998643036162072,52.832625099999994
2019-09-16,54.432499,55.032501,54.389999,54.974998,84632400,64.0698233588822,1.0220775285326127,53.000125000000004
2019-09-17,54.990002,55.205002,54.779999,55.174999,73274800,65.76839798861194,1.0447447743667126,53.12949985
2019-09-18,55.264999,55.712502,54.860001,55.692501,101360000,70.04347005941614,1.0918803000274195,53.284624900000004
2019-09-19,55.502499,55.939999,55.092499,55.240002,88242400,62.1283352851204,1.080269976257,53.388625000000005
2019-09-20,55.345001,55.639999,54.3675,54.432499,221652400,50.29540555698053,0.994446606052179,53.454499850000005
2019-09-23,54.737499,54.959999,54.412498,54.68,76662000,53.464714350967846,0.9356170185008068,53.65549985
2019-09-24,55.2575,55.622501,54.297501,54.419998,124763200,49.58942931134379,0.8581222588124007,53.7953747
2019-09-25,54.637501,55.375,54.285,55.2575,87613600,60.381218813726484,0.8544370965629255,54.006249649999994
2019-09-26,55.0,55.235001,54.7075,54.9725,75334000,55.65130726881434,0.819077643557641,54.185749650000005
2019-09-27,55.134998,55.240002,54.32,54.705002,101408000,51.25479663951559,0.7607012784559686,54.3083748
2019-09-30,55.224998,56.145,55.197498,55.9925,103909600,66.23391565276764,0.8090022427956143,54.49874975
2019-10-01,56.267502,57.055,56.049999,56.147499,139223200,67.63096966600426,0.8499900724885521,54.734874749999996
2019-10-02,55.764999,55.895,54.482498,54.740002,138449200,47.02059166167331,0.7601375849546628,54.8569998
2019-10-03,54.607498,55.240002,53.782501,55.205002,114426000,52.58946641634189,0.7181718174001332,54.95124989999999
2019-10-04,56.41,56.872501,55.9725,56.752499,138478800,66.33052842953295,0.8005554147018614,55.12312490000001
2019-10-07,56.567501,57.482498,56.459999,56.764999,122306000,66.42224000707498,0.8569749805114526,55.28424985
2019-10-08,56.455002,57.014999,56.0825,56.099998,111820000,56.81667807341558,0.8383637345729724,55.380499799999996
2019-10-09,56.7575,56.947498,56.41,56.7575,74770400,62.99037752676114,0.8666785734009608,55.42349985
2019-10-10,56.982498,57.610001,56.825001,57.522499,113013600,69.00527004578574,0.9400114462901072,55.510999850000005
2019-10-11,58.237499,59.41,58.077499,59.052502,166795600,77.52735148457816,1.1088051165446942,55.72924995000001
2019-10-14,58.724998,59.532501,58.6675,58.967499,96427600,76.1698826412489,1.2216340477521825,55.92887499999999
2019-10-15,59.0975,59.412498,58.720001,58.830002,87360000,73.73349981302036,1.2851426058463389,56.11162515000001
2019-10-16,58.342499,58.810001,58.299999,58.592499,73903200,69.26850725929856,1.3013084151127572,56.25662504999999
2019-10-17,58.772499,59.037498,58.380001,58.82,67585200,71.2163872375641,1.3172924375851593,56.43562495000001
2019-10-18,58.647499,59.395,58.572498,59.102501,97433600,73.63716090041919,1.3373393447919213,56.669125050000005
2019-10-21,59.380001,60.247501,59.330002,60.127499,87247200,80.55848052490234,1.4195714989306296,56.9415
2019-10-22,60.290001,60.549999,59.904999,59.990002,82293600,77.37913596839114,1.4568525256896763,57.220000199999994
2019-10-23,60.525002,60.810001,60.305,60.794998,75828800,82.18228121698701,1.5336752044816322,57.4968751
2019-10-24,61.127499,61.200001,60.452499,60.895,69275200,82.71422666592733,1.5843635003501788,57.79300009999999
2019-10-25,60.790001,61.682499,60.720001,61.645,73477200,86.29445466868331,1.6658501879924899,58.14
2019-10-28,61.855,62.3125,61.68,62.262501,96572800,88.56871473343053,1.7599683257408216,58.45350005
2019-10-29,62.2425,62.4375,60.642502,60.822498,142839600,61.02055993519918,1.6987789541676932,58.687250000000006
2019-10-30,61.189999,61.325001,60.302502,60.814999,124522000,60.9054652726747,1.6308810481868363,58.99099985
2019-10-31,61.810001,62.2925,59.314999,62.189999,139162000,72.14463045275659,1.668785753778046,59.3402497
2019-11-01,62.384998,63.982498,62.290001,63.955002,151125200,80.52799318142519,1.8202636313349387,59.70037484999999
2019-11-04,64.332497,64.462502,63.845001,64.375,103272000,82.02947048313635,1.951703249006755,60.080874900000005
2019-11-05,64.262497,64.547501,64.080002,64.282501,79897600,80.43581612095622,2.025062536367777,60.490000050000006
2019-11-06,64.192497,64.372498,63.842499,64.309998,75864400,80.56675380229937,2.0616536186435965,60.86762495000001
2019-11-07,64.684998,65.087502,64.527496,64.857498,94940400,83.18153245708368,2.110502431040402,61.2343749
2019-11-08,64.672501,65.110001,64.212502,65.035004,69986400,83.99603576797418,2.138883005641425,61.53349999999999
2019-11-11,64.574997,65.6175,64.57,65.550003,81821200,86.2500100267067,2.177826304765979,61.862625200000004
2019-11-12,65.387497,65.697502,65.230003,65.489998,87388800,84.62979552361841,2.1787321795243386,62.19562499999999
2019-11-13,65.282501,66.195,65.267502,66.1175,102734400,87.49562215065095,2.2046701933148114,62.57187505
2019-11-14,65.9375,66.220001,65.525002,65.660004,89182800,75.5187351447039,2.1633721449362255,62.913875250000004
2019-11-15,65.919998,66.445,65.752502,66.440002,100206400,80.75790957026454,2.1685843731873575,63.2807503
2019-11-18,66.449997,66.857498,66.057503,66.775002,86703200,82.62145709617187,2.174678462293649,63.613125450000005
2019-11-19,66.974998,67.0,66.347504,66.572502,76167200,77.33925269039605,2.138516526837968,63.94225045
2019-11-20,66.385002,66.519997,65.099998,65.797501,106234400,60.16461696677141,2.0239905258189808,64.1923756
2019-11-21,65.922501,66.002502,65.294998,65.502502,121395200,54.76394998118606,1.8876640745839381,64.42275070000001
2019-11-22,65.647499,65.794998,65.209999,65.445,65325200,53.668395325104505,1.7547567059572557,64.6127507
2019-11-25,65.677498,66.610001,65.629997,66.592499,84020400,68.39057317066555,1.7221681555408068,64.8292506
2019-11-26,66.735001,66.790001,65.625,66.072502,105207600,58.55394626128863,1.6355287253793165,65.0917508
2019-11-27,66.394997,66.995003,66.327499,66.959999,65235600,67.7811950248851,1.6198078074421858,65.3990008
2019-11-29,66.650002,67.0,66.474998,66.8125,46617600,64.97632240907384,1.5772651987171855,65.63012585
2019-12-02,66.817497,67.0625,65.862503,66.040001,94487200,51.86289259959567,1.464335710984301,65.73437580000001
2019-12-03,64.577499,64.8825,64.072502,64.862503,114430400,38.16542425975372,1.265239141267827,65.75875094999999
2019-12-04,65.267502,65.827499,65.169998,65.434998,67181600,46.221935979222536,1.1405022374584348,65.8163758
2019-12-05,65.947502,66.472504,65.682503,66.394997,74424400,57.145371805652424,1.1063578343318738,65.92062575
2019-12-06,66.870003,67.75,66.824997,67.677498,106075600,67.4501168844586,1.1693062269326475,66.06162574999999
2019-12-09,67.5,67.699997,66.227501,66.730003,128042400,55.870634892945425,1.1297156943328872,66.14637570000001
2019-12-10,67.150002,67.517502,66.464996,67.120003,90420400,59.231603993498055,1.116934328970288,66.22487570000001
2019-12-11,67.202499,67.775002,67.125,67.692497,78756800,63.93561657068693,1.1398608794244325,66.33500065000001
2019-12-12,66.945,68.139999,66.830002,67.864998,137310400,65.34141528227536,1.1585941724648592,66.42237555
2019-12-13,67.864998,68.824997,67.732498,68.787498,133587600,72.12150576490427,1.2336576451037615,66.57875025
2019-12-16,69.25,70.197502,69.245003,69.964996,128186000,78.41079882149452,1.3723407459450385,66.75499995
2019-12-17,69.892502,70.442497,69.699997,70.102501,114158400,79.05456334374625,1.4763254460805797,66.9213749
2019-12-18,69.949997,70.474998,69.779999,69.934998,116028400,75.84058441117074,1.5276086562029434,67.0894997
2019-12-19,69.875,70.294998,69.737503,70.004997,98369200,76.31014805453403,1.555963129589955,67.2998745
2019-12-20,70.557503,70.662498,69.639999,69.860001,275978000,72.88667319889547,1.5488797668066638,67.51774945
2019-12-23,70.1325,71.0625,70.092499,71.0,98572000,80.79125729349964,1.6166191632948994,67.79549945
2019-12-24,71.172501,71.222504,70.730003,71.067497,48478800,81.1704525426945,1.656652705691144,68.01924935
2019-12-26,71.205002,72.495003,71.175003,72.477501,93121200,87.28688883562882,1.7816177351390365,68.3394993
2019-12-27,72.779999,73.4925,72.029999,72.449997,146266000,86.64637095770303,1.8570274221977598,68.6139992
2019-12-30,72.364998,73.172501,71.305,72.879997,144114400,88.22270156399492,1.9292483744836773,68.91737405
2019-12-31,72.482498,73.419998,72.379997,73.412498,100805600,89.93864590155877,2.0063247174486065,69.2859989
2020-01-02,74.059998,75.150002,73.797501,75.087502,135480400,93.4440356355731,2.177466619002928,69.79724884999999
2020-01-03,74.287498,75.144997,74.125,74.357498,146322800,79.38172768365213,2.2285037826821963,70.24337385
2020-01-06,73.447502,74.989998,73.1875,74.949997,118387200,81.95336865443294,2.2903589874715493,70.67112385
2020-01-07,74.959999,75.224998,74.370003,74.597504,108872000,75.42391558659087,2.284600985668675,71.01712415
2020-01-08,74.290001,76.110001,74.290001,75.797501,132079200,81.33135467926331,2.3497806482371573,71.47049905
2020-01-09,76.809998,77.607498,76.550003,77.407501,170108400,86.43515695271809,2.5025022568222823,71.98487395
2020-01-10,77.650002,78.167503,77.0625,77.582497,140644800,86.88966730997767,2.6075971893967136,72.47937395
2020-01-13,77.910004,79.267502,77.787498,79.239998,121532000,90.43219821399836,2.792442618742527,73.04812394999999
2020-01-14,79.175003,79.392502,78.042503,78.169998,161954400,75.14064436946185,2.8200857030591493,73.51724895
2020-01-15,77.962502,78.875,77.387497,77.834999,121923600,70.76963242720748,2.78288209444041,73.9107491
2020-01-16,78.397499,78.925003,78.022499,78.809998,108829200,75.59094689947506,2.799797909973435,74.34612395
2020-01-17,79.067497,79.684998,78.75,79.682503,137816400,79.17677677576091,2.8507460513742444,74.8334992
2020-01-21,79.297501,79.754997,79.0,79.142502,110843200,71.58356517129461,2.8150985490372733,75.29037445
2020-01-22,79.644997,79.997498,79.327499,79.425003,101832400,73.1548869743182,2.777624391376847,75.76862455
2020-01-23,79.480003,79.889999,78.912498,79.807503,104472000,75.31139161670603,2.747123277638593,76.2089997
2020-01-24,80.0625,80.832497,79.379997,79.577499,146537600,71.29360843784107,2.6735722480415234,76.6344998
2020-01-27,77.514999,77.942497,76.220001,77.237503,161940000,43.6522659622822,2.3988123901174134,76.87249990000001
2020-01-28,78.150002,79.599998,78.047501,79.422501,162234000,60.384566765392826,2.330509636585788,77.2211251
2020-01-29,81.112503,81.962502,80.345001,81.084999,216229200,68.64861458868526,2.3830584919489155,77.63137520000001
2020-01-30,80.135002,81.022499,79.6875,80.967499,126743200,67.48776229158682,2.3876986664704702,78.00912525
2020-01-31,80.232498,80.669998,77.072502,77.377502,199588400,42.10707892851078,2.0777423625603575,78.12362525
2020-02-03,76.074997,78.372498,75.555,77.165001,173788400,41.04119009949414,1.7942694821457792,78.2640004
2020-02-04,78.827499,79.910004,78.407501,79.712502,136616400,56.45723520890464,1.754947282594216,78.50212565
2020-02-05,80.879997,81.190002,79.737503,80.362503,118826800,59.60161313562989,1.7559918238846421,78.79037559999999
2020-02-06,80.642502,81.305,80.065002,81.302498,105425600,63.98905670288713,1.8117842499796097,79.06562545
2020-02-07,80.592499,80.849998,79.5,80.0075,117684000,54.47930044528777,1.7315444670058042,79.1956254
2020-02-10,78.544998,80.387497,78.462502,80.387497,109348800,56.68313290911182,1.6792589906929294,79.3358754
2020-02-11,80.900002,80.974998,79.677498,79.902496,94323200,52.87158621696672,1.5804681931179658,79.36900030000001
2020-02-12,80.3675,81.805,80.3675,81.800003,113730400,63.939517889737104,1.6364250418200044,79.55050055000001
2020-02-13,81.047501,81.555,80.837502,81.217499,94747600,58.97882777799625,1.6151496037168158,79.71962555
2020-02-14,81.184998,81.495003,80.712502,81.237503,80113600,59.10594302975082,1.5816703105736707,79.84100079999999
2020-02-18,78.839996,79.9375,78.652496,79.75,152531200,46.58303548255989,1.4187541542868871,79.84437564999999
2020-02-19,80.0,81.142502,80.0,80.904999,93984000,55.18450689654812,1.367081824953516,79.9325005
2020-02-20,80.657501,81.162498,79.552498,80.074997,100566000,48.62065636539213,1.244807540433598,79.96500019999999
2020-02-21,79.654999,80.112503,77.625,78.262497,129554000,37.31350454789512,0.9902358640669036,79.88774989999999
2020-02-24,74.315002,76.044998,72.307503,74.544998,222195200,23.97295715758051,0.48294775450247585,79.63612485
2020-02-25,75.237503,75.6325,71.532501,72.019997,230673600,18.68053572134997,-0.12142845389702472,79.37524954999999
2020-02-26,71.6325,74.470001,71.625,73.162498,198054800,27.16833101499111,-0.5024190963308541,79.06224940000001
2020-02-27,70.275002,71.5,68.239998,68.379997,320605600,17.995413495842683,-1.176700515943324,78.4269993
2020-02-28,64.315002,69.602501,64.092499,68.339996,426510000,17.936319897197805,-1.6947649499309563,77.79562415000001
2020-03-02,70.57,75.360001,69.43,74.702499,341397200,49.008882825867495,-1.5737922306912964,77.661874
2020-03-03,75.917503,76.0,71.449997,72.330002,319475600,42.07776594569593,-1.6503371004529015,77.42012405
2020-03-04,74.110001,75.849998,73.282501,75.684998,219178400,53.03571463245345,-1.4238658833093893,77.21874885000001
2020-03-05,73.879997,74.887497,72.852501,73.230003,187572800,45.661152747532384,-1.4260448341706535,76.86212385
2020-03-06,70.5,72.705002,70.307503,72.2575,226176800,42.90404841490396,-1.4890793531169777,76.40987394999999
2020-03-09,65.9375,69.522499,65.75,66.542503,286744800,30.34277901063639,-1.9773930035379692,75.7366241
2020-03-10,69.285004,71.610001,67.342499,71.334999,285290000,45.8525617072286,-1.9551331569614092,75.2839992
2020-03-11,69.347504,70.305,67.964996,68.857498,255598800,40.424077751588925,-2.1130477938947223,74.7317493
2020-03-12,63.985001,67.5,62.0,62.057499,418474000,29.31187133274473,-2.755139833726872,73.7446241
2020-03-13,66.222504,69.980003,63.237499,69.4925,370732000,47.66378828770429,-2.633700299877688,73.15837415000001
2020-03-16,60.487499,64.769997,60.0,60.552502,322423600,34.939042182341254,-3.221703920937415,72.1241241
2020-03-17,61.877499,64.402496,59.599998,63.215,324056000,40.461787531953085,-3.4332829411872012,71.2973741
2020-03-18,59.942501,62.5,59.279999,61.6675,300233600,38.25955757158548,-3.6833715417682384,70.33549915
2020-03-19,61.8475,63.209999,60.6525,61.195,271857200,37.53188513477312,-3.8750264676733934,69.39149929999999
2020-03-20,61.794998,62.9575,57.0,57.310001,401693200,31.74091515566532,-4.2909380652609315,68.3438745
2020-03-23,57.02,57.125,53.1525,56.092499,336752800,30.045943859211235,-4.665017817612856,67.42124955
2020-03-24,59.09,61.922501,58.575001,61.720001,287531200,45.68625580207899,-4.456020109995556,66.90624975
2020-03-25,62.6875,64.5625,61.075001,61.380001,303602000,44.977433733426366,-4.2686171184435935,66.3171249
2020-03-26,61.630001,64.669998,61.59,64.610001,252087200,53.050730193068944,-3.815482385820907,66.1286251
2020-03-27,63.1875,63.967499,61.762501,61.935001,204216800,46.463670130791904,-3.6303713287994768,65.80837535
2020-03-30,62.685001,63.880001,62.349998,63.702499,167976400,51.140299889680634,-3.302972553881837,65.25837535000001
2020-03-31,63.900002,65.622498,63.0,63.572498,197002000,50.75981364199775,-3.019193279471928,64.82050015
2020-04-01,61.625,62.18,59.782501,60.227501,176218400,41.49272214764387,-3.02928969662117,64.04762529999999
2020-04-02,60.084999,61.287498,59.224998,61.232498,165934000,45.011646800363614,-2.9225074741982624,63.44775005
2020-04-03,60.700001,61.424999,59.7425,60.352501,129880000,42.406140999514236,-2.875740451226484,62.85250010000001
2020-04-06,62.724998,65.777496,62.345001,65.6175,201820400,58.98008288212637,-2.3863277300807795,62.806249949999994
2020-04-07,67.699997,67.925003,64.75,64.857498,202887200,56.253837045507304,-2.0363170371024495,62.4823749
2020-04-08,65.684998,66.842499,65.307503,66.517502,168895200,60.863629499461254,-1.606464271525681,62.365375099999994
2020-04-09,67.175003,67.517502,66.175003,66.997498,161834800,62.207096305290676,-1.2130874748883116,62.612375050000004
2020-04-13,67.077499,68.425003,66.457497,68.3125,131022800,65.94371862572399,-0.7861614778090171,62.55337505
2020-04-14,70.0,72.0625,69.512497,71.762497,194994800,73.85569718480093,-0.16750275670348458,63.1138748
2020-04-15,70.599998,71.582497,70.157501,71.107498,131154400,70.24119511534508,0.266859600364441,63.5084997
2020-04-16,71.845001,72.050003,70.587502,71.672501,157125200,71.63806893910403,0.6492023177211621,64.00874974999999
2020-04-17,71.172501,71.737503,69.214996,70.699997,215250000,65.4671146961161,0.8637815940807627,64.4839996
2020-04-20,69.487503,70.419998,69.212502,69.232498,130015200,56.846376605884565,0.9049901485610121,65.08012445
2020-04-21,69.07,69.3125,66.357498,67.092499,180991600,46.442026495945676,0.7562506040818846,65.63012445000001
2020-04-22,68.402496,69.474998,68.050003,69.025002,116862400,55.09992737561631,0.7852583159106956,65.9953745
2020-04-23,68.967499,70.4375,68.717499,68.7575,124814400,53.69807954608613,0.7776971520624727,66.36424945
2020-04-24,69.300003,70.752502,69.25,70.7425,126161200,62.05560561730995,0.9212580960325454,66.6708744
2020-04-27,70.449997,71.135002,69.987503,70.792503,117087600,62.2558272445246,1.0272247946298023,67.1137495
2020-04-28,71.269997,71.457497,69.550003,69.644997,112004800,54.549307490423224,1.007001931198829,67.4108744
2020-04-29,71.182503,72.417503,70.972504,71.932503,137280800,64.70928617928863,1.1621611130554896,67.82887465
2020-04-30,72.489998,73.6325,72.087502,73.449997,183064000,69.91432100905223,1.3915342257573684,68.48999945
2020-05-01,71.5625,74.75,71.462502,72.267502,240616800,61.64818390319376,1.4610544795749831,69.04174965
2020-05-04,72.292503,73.422501,71.580002,73.290001,133568000,65.73510483859317,1.580438593197627,69.68862465
2020-05-05,73.764999,75.25,73.614998,74.389999,147751200,69.77731705463265,1.7437115871390318,70.1272496
2020-05-06,75.114998,75.809998,74.717499,75.157501,142333600,72.4252984722939,1.9129858976385492,70.64224974999999
2020-05-07,75.805,76.292503,75.4925,75.934998,115215200,75.01271843362652,2.0858303642961573,71.11312455000001
2020-05-08,76.410004,77.587502,76.072502,77.532501,133838400,79.60104028652412,2.324915808380638,71.6398747
2020-05-11,77.025002,79.262497,76.809998,78.752502,145946400,82.46919183496256,2.58306071404931,72.16187479999999
2020-05-12,79.457497,79.922501,77.727501,77.852501,162301200,73.56682140106206,2.684079455367538,72.466375
2020-05-13,78.037498,78.987503,75.802498,76.912498,200622400,65.014966852674,2.657651398504399,72.756625
2020-05-14,76.127502,77.447502,75.3825,77.385002,158929200,67.24773049755558,2.644351657104451,73.04225005
2020-05-15,75.087502,76.974998,75.052498,76.927498,166348400,62.72561562246076,2.567300524587637,73.3536251
2020-05-18,78.292503,79.125,77.580002,78.739998,135178400,71.5638368019909,2.6222627367230302,73.8290001
2020-05-19,78.7575,79.629997,78.252502,78.285004,101729600,66.91692123271672,2.599145145242531,74.38862535
2020-05-20,79.169998,79.879997,79.129997,79.807503,111504800,73.60732970330952,2.672866096131102,74.9277504
2020-05-21,79.665001,80.222504,78.967499,79.212502,102688800,67.39333168045711,2.652700196159131,75.4505005
2020-05-22,78.942497,79.807503,78.837502,79.722504,81803200,69.93172833382143,2.647354420441374,75.8995007
2020-05-26,80.875,81.059998,79.125,79.182503,125522000,63.79664616946337,2.5699198506289775,76.3190007
2020-05-27,79.035004,79.677498,78.272499,79.527496,112945200,66.018671396865,2.507485713589304,76.81312564999999
2020-05-28,79.192497,80.860001,78.907501,79.5625,133560800,66.26377564486359,2.4327870852694673,77.1946255
2020-05-29,79.8125,80.287498,79.1175,79.485001,153532400,65.0517969262344,2.340356193163956,77.4963757
2020-06-01,79.4375,80.587502,79.302498,80.462502,80791200,72.46319669824672,2.3192453894554887,77.9061257
2020-06-02,80.1875,80.860001,79.732498,80.834999,87642800,74.83572883735629,2.305990299490688,78.2833756
2020-06-03,81.165001,81.550003,80.574997,81.279999,104491200,77.53357162647148,2.304824741261953,78.62787560000001
2020-06-04,81.097504,81.404999,80.195,80.580002,87560400,64.78676164176701,2.221805529074061,78.89900065
2020-06-05,80.837502,82.9375,80.807503,82.875,137250400,78.38148745449581,2.3145190291653392,79.24600075
2020-06-08,82.5625,83.400002,81.830002,83.364998,95654400,80.27807372764107,2.39986968559964,79.5376256
2020-06-09,83.035004,86.402496,83.002502,85.997498,147712400,87.27518866498322,2.649390915733619,79.8998754
2020-06-10,86.974998,88.692497,86.522499,88.209999,166651600,90.55940035676589,2.991188074206306,80.4177503
2020-06-11,87.327499,87.764999,83.870003,83.974998,201662400,57.44829080427102,2.88705541974241,80.7708753
2020-06-12,86.18,86.949997,83.555,84.699997,200146000,60.344154335385504,2.8304037682992487,81.13662504999999
2020-06-15,83.3125,86.419998,83.144997,85.747498,138808800,64.42516563631892,2.8373245910340756,81.57762505
2020-06-16,87.864998,88.300003,86.18,88.019997,165428800,71.7765177155598,2.9916946761849346,82.041625
2020-06-17,88.787498,88.849998,87.772499,87.897499,114406400,70.85570512784244,3.0687745927426135,82.52224975
2020-06-18,87.852501,88.362503,87.305,87.932503,96820400,70.97982017284528,3.0969853924075466,82.92849975
2020-06-19,88.660004,89.139999,86.287498,87.43,264476000,66.25426852968943,3.043708880550625,83.33937465
2020-06-22,87.834999,89.864998,87.787498,89.717499,135445200,75.06925903634107,3.1497604353003226,83.83912439999999
2020-06-23,91.0,93.095001,90.567497,91.6325,212155600,80.13689140447329,3.349718166966909,84.46162425
2020-06-24,91.25,92.197502,89.629997,90.014999,192623200,66.76376172491834,3.3391753622388194,84.9859994
2020-06-25,90.175003,91.25,89.392502,91.209999,137522400,70.94320479451989,3.3881896848907473,85.56837435
2020-06-26,91.102501,91.330002,88.254997,88.407501,205256800,52.78287324348177,3.164418277454047,86.01449935
2020-06-29,88.3125,90.542503,87.82,90.445,130646000,61.20604903912112,3.115572584704992,86.51362424999999
2020-06-30,90.019997,91.495003,90.0,91.199997,140223200,63.98365453875485,3.10202574754031,87.03187415
2020-07-01,91.279999,91.839996,90.977501,91.027496,110737200,62.78537478179001,3.0423006443766383,87.51924899999999
2020-07-02,91.962502,92.6175,90.910004,91.027496,114041600,62.78537478179001,2.9608373795689147,88.04162369999999
2020-07-06,92.5,93.945,92.467499,93.462502,118655600,72.63278087753982,3.0575166407073624,88.5709988
2020-07-07,93.852501,94.654999,93.057503,93.172501,112424400,70.05701676670358,3.07528502318668,89.06137394999999
2020-07-08,94.18,95.375,94.089996,95.342499,117092000,77.13551921894803,3.22726539096179,89.52862400000001
2020-07-09,96.262497,96.317497,94.672501,95.752502,125642800,78.26797438803038,3.3422671675267566,89.90574914999999
2020-07-10,95.334999,95.980003,94.705002,95.919998,90257200,78.76915149110712,3.4076412640659726,90.50299915
2020-07-13,97.264999,99.955002,95.2575,95.477501,191649200,73.54184219099322,3.3847278609093365,91.04187435
2020-07-14,94.839996,97.254997,93.877502,97.057503,170989200,79.27207177661107,3.454243412727834,91.6073746
2020-07-15,98.989998,99.247498,96.489998,97.724998,153198000,81.27127857471257,3.5225900312439933,92.09262464999999
2020-07-16,96.5625,97.404999,95.904999,96.522499,110577600,67.57319598148854,3.440068629440489,92.52387465000001
2020-07-17,96.987503,97.147499,95.839996,96.327499,92186800,65.48504686842483,3.320656492649235,92.94362445
2020-07-20,96.417503,98.5,96.0625,98.357498,90318000,74.90395143137835,3.351194978152961,93.48999934999999
2020-07-21,99.172501,99.25,96.7425,97.0,103433200,61.755891674253306,3.228640447101455,93.8541244
2020-07-22,96.692497,97.974998,96.602501,97.272499,89001600,63.265965146453745,3.117566128504393,94.13612435
2020-07-23,96.997498,97.077499,92.010002,92.845001,197004400,36.18363660941187,2.6418235469425326,94.27762444999999
2020-07-24,90.987503,92.970001,89.144997,92.614998,185438800,35.26862560542756,2.220636686209545,94.3478744
2020-07-27,93.709999,94.904999,93.480003,94.809998,121214000,49.489941638236644,2.040440294624318,94.66799925000001
2020-07-28,94.3675,94.550003,93.247498,93.252502,103625600,41.8742224763892,1.7517632095404565,94.80837435
2020-07-29,93.75,95.230003,93.712502,95.040001,90329200,51.80458987122325,1.6482211034543326,95.00037455
2020-07-30,94.1875,96.297501,93.767502,96.190002,158130000,57.28235093653608,1.6400531957976625,95.25849984999999
2020-07-31,102.885002,106.415001,100.824997,106.260002,374336800,80.23351931373064,2.4182686163424307,96.02012514999998
2020-08-03,108.199997,111.637497,107.892502,108.9375,308151200,83.057275406951,3.2140125200018304,96.79387505
2020-08-04,109.1325,110.790001,108.387497,109.665001,173071600,83.79127838358289,3.858865942868846,97.61850005
2020-08-05,109.377502,110.392502,108.897499,110.0625,121776800,84.22687212324708,4.351826625253324,98.3545001
2020-08-06,110.404999,114.412498,109.797501,113.902496,202428800,87.89366950774043,4.994780383528905,99.26199980000001
2020-08-07,113.205002,113.675003,110.292503,111.112503,198045600,73.42490040635802,5.219034964701706,100.02162505
2020-08-10,112.599998,113.775002,110.0,112.727501,212403600,76.0836892189592,5.4640885657379386,100.88412505
2020-08-11,111.970001,112.482498,109.107498,109.375,187902400,61.24423651933412,5.326377335031438,101.4999999
2020-08-12,110.497498,113.275002,110.297501,113.010002,165598000,68.91388270984432,5.4477561333664255,102.2642501
2020-08-13,114.43,116.042503,113.927498,115.010002,210082000,72.41770136460445,5.640314951054918,103.18862525
2020-08-14,114.830002,115.0,113.044998,114.907501,165565200,71.93291799433936,5.718726310200566,104.11762535
2020-08-17,116.0625,116.087502,113.962502,114.607498,119561600,70.32538686076563,5.691057177790995,104.93012535
2020-08-18,114.352501,116.0,114.0075,115.5625,105633600,72.59951744612277,5.680706225871347,105.85825035
2020-08-19,115.982498,117.162498,115.610001,115.707497,145538000,72.96649059351773,5.619425825069683,106.78000024999999
2020-08-20,115.75,118.392502,115.732498,118.275002,126907200,78.825120813369,5.712190287973556,108.0515003
2020-08-21,119.262497,124.8675,119.25,124.370003,338054800,86.76743391392233,6.205983718590858,109.63925055
2020-08-24,128.697495,128.785004,123.9375,125.857498,345937600,88.0442581422464,6.640796022139,111.19162554999998
2020-08-25,124.697502,125.18,123.052498,124.824997,211495600,81.66316604569725,6.823417593042663,112.7702503
2020-08-26,126.18,126.9925,125.082497,126.522499,163022400,83.90114304643481,7.024150691693208,114.34437520000002
2020-08-27,127.142502,127.485001,123.832497,125.010002,155552400,74.45496846832185,6.980717880759087,115.7853752
2020-08-28,126.012497,126.442497,124.577499,124.807503,187630000,73.16824308742021,6.850983218280675,116.71275025
2020-08-31,127.580002,131.0,126.0,129.039993,225702700,81.12323316715859,7.008899899036564,117.7178749
2020-09-01,132.759995,134.800003,130.529999,134.179993,151948100,86.70700207946575,7.462778781121244,118.94362450000001
2020-09-02,137.589996,137.979996,127.0,131.399994,200119000,73.06872089377809,7.511569679835773,120.0104992
2020-09-03,126.910004,128.839996,120.5,120.879997,257599600,43.123104605258405,6.62499219387324,120.35937425
2020-09-04,120.07,123.699997,110.889999,120.959999,332607200,43.32916445758736,5.861263642832824,120.85174905000001
2020-09-08,113.949997,118.989998,112.68,112.82,231366600,30.298869991398888,4.546761141102209,120.856374
2020-09-09,117.260002,119.139999,115.260002,117.32,176940500,41.621816269828756,3.824039680873341,121.25362400000002
2020-09-10,120.360001,120.5,112.5,113.489998,182274400,35.840497296811066,2.908698893732506,121.27762379999999
2020-09-11,114.57,115.230003,110.0,112.0,180860300,33.71499086134018,2.0395437483232257,121.1271237
2020-09-14,114.720001,115.93,112.800003,115.360001,140150100,42.661172578665145,1.603373343819399,121.1497487
2020-09-15,118.330002,118.830002,113.610001,115.540001,184642000,43.140798930356745,1.2577313078825512,121.19637384999999
2020-09-16,115.230003,116.0,112.040001,112.129997,154679000,36.409509953444854,0.7005729115459189,121.02474869999999
2020-09-17,109.720001,112.199997,108.709999,110.339996,178011000,33.23383738834633,0.11327696100815388,120.75637365
2020-09-18,110.400002,110.879997,106.089996,106.839996,287104900,27.71871094870704,-0.6273483787123979,120.18462335
2020-09-21,104.540001,110.190002,103.099998,110.080002,195713800,38.70443305688401,-0.9419991106449004,119.4701233
2020-09-22,112.68,112.860001,109.160004,111.809998,183055400,44.00584429875914,-1.0397799278496223,118.76774830000002
2020-09-23,111.620003,112.110001,106.769997,107.120003,150718700,34.55368779820952,-1.4786701415815457,117.8824986
2020-09-24,105.169998,110.25,105.0,108.220001,167743300,38.18671520580134,-1.7179299256554827,116.96737369999998
2020-09-25,108.43,112.440002,107.669998,112.279999,149981400,50.11181256443637,-1.5619321390962568,116.33087355
2020-09-28,115.010002,115.32,112.779999,114.959999,137672400,56.56501838121145,-1.2081226808051468,115.83849834999998
2020-09-29,114.550003,115.309998,113.57,114.089996,99382200,53.92329720826959,-0.9865557071490798,115.0909985
2020-09-30,113.790001,117.260002,113.620003,115.809998,142675200,58.40399504030548,-0.6645124120379506,114.17249875
2020-10-01,117.639999,117.720001,115.830002,116.790001,116120400,60.929555984755865,-0.32644962057437965,113.4419991
2020-10-02,112.889999,115.370003,112.220001,113.019997,144712000,47.88175114328152,-0.3586064464012253,113.04899909999999
2020-10-05,113.910004,116.650002,113.550003,116.5,106243800,57.64873414028218,-0.10210678063704393,112.82599914999999
2020-10-06,115.699997,116.120003,112.25,113.160004,161498200,47.649969200924296,-0.16642032135587215,112.84299935000001
2020-10-07,114.620003,115.550003,114.129997,115.080002,96849000,53.104859756074454,-0.06174966156169148,112.73099944999998
2020-10-08,116.25,116.400002,114.589996,114.970001,83477200,52.73755064425202,0.012185956927311281,112.8049996
2020-10-09,115.279999,117.0,114.919998,116.970001,100506900,58.78452221095049,0.22951801178989228,113.05349965
2020-10-12,120.059998,125.18,119.279999,124.400002,240226800,73.48690652168526,0.9898834563484371,113.5054997
2020-10-13,125.269997,125.389999,119.650002,121.099998,262330500,62.022555565963884,1.3110824632664162,113.78349955000002
2020-10-14,121.0,123.029999,119.620003,121.190002,150712000,62.21014521207854,1.5549728024384422,114.2364998
2020-10-15,118.720001,121.199997,118.150002,120.709999,112559200,60.355217967023606,1.6900436516195043,114.75499995
2020-10-16,121.279999,121.550003,118.809998,119.019997,115393800,53.769654122599356,1.641793659933768,115.364
2020-10-19,119.959999,120.419998,115.660004,115.980003,120639300,43.751205729385,1.342774416761955,115.65900005
2020-10-20,116.199997,118.980003,115.629997,117.510002,124423700,49.298131996009076,1.2152490106670797,115.94400025
2020-10-21,116.669998,118.709999,116.449997,116.870003,89946000,47.0345754810901,1.0504329003572366,116.43150025
2020-10-22,117.449997,118.040001,114.589996,115.75,101988000,43.00324173119364,0.8199877552386141,116.80800020000001
2020-10-23,116.389999,116.550003,114.279999,115.040001,82572600,40.43978659198431,0.5734568779492122,116.9460003
2020-10-26,114.010002,116.550003,112.879997,115.050003,111850700,40.49808160411753,0.37456866493957364,116.9505005
2020-10-27,115.489998,117.279999,114.540001,116.599998,92276800,49.44423035053445,0.3381223024398565,117.0760006
2020-10-28,115.050003,115.43,111.099998,111.199997,143937800,30.689648280026603,-0.12505509612762467,116.84550055
2020-10-29,112.370003,116.93,112.199997,115.32,146129200,48.18424940254532,-0.1578570340807488,116.77200049999999
2020-10-30,111.059998,111.989998,107.720001,108.860001,190272600,32.9638612531713,-0.6970851731143313,116.5640007
2020-11-02,109.110001,110.68,107.32,108.769997,122866900,32.79547342933161,-1.1187931775068733,116.17750055000002
2020-11-03,109.660004,111.489998,108.730003,110.440002,107624400,39.486983826797,-1.3032216347659045,116.04150044999999
2020-11-04,114.139999,115.589996,112.349998,114.949997,138235500,53.93736967668529,-1.0730936552991182,116.03500020000001
2020-11-05,117.949997,119.620003,116.870003,119.029999,126387100,63.20980543798374,-0.5550947237476862,116.2380001
2020-11-06,118.32,119.199997,116.129997,118.690002,114457900,61.99649006411299,-0.170051507019366,116.32400014999999
2020-11-09,120.5,121.989998,116.050003,116.32,154515300,53.62543010564915,-0.05550155081319019,115.92000005
2020-11-10,115.550003,117.589996,114.129997,115.970001,138023400,52.406267975904626,0.006957914029982248,115.6635002
2020-11-11,117.190002,119.629997,116.440002,119.489998,112295000,62.42862818220704,0.33661158119736,115.5785
2020-11-12,119.620003,120.529999,118.57,119.209999,103162300,61.23199880826118,0.5687151143775395,115.50349999999999
2020-11-13,119.440002,119.669998,117.870003,119.260002,81581900,61.38620603012772,0.7480703712636938,115.51550024999999
2020-11-16,118.919998,120.989998,118.150002,120.300003,91183000,64.7851330533085,0.9630288959321689,115.73150025
2020-11-17,119.550003,120.669998,118.959999,119.389999,74271000,59.443657755841336,1.0478760945079415,115.8255001
2020-11-18,118.610001,119.82,118.0,118.029999,76322100,51.972289921225425,0.993920183483155,115.88349989999999
2020-11-19,117.589996,119.059998,116.809998,118.639999,74113000,54.936168602251975,0.9889812767431465,116.02799984999999
2020-11-20,118.639999,118.769997,117.290001,117.339996,73604300,47.62823869553006,0.8701373779953769,116.14299960000001
2020-11-23,117.18,117.620003,113.75,113.849998,127959300,33.6205055698436,0.48870556697650613,116.08299935
2020-11-24,113.910004,115.849998,112.589996,115.169998,113874200,41.24550752586131,0.28959283108449085,116.01149935000001
2020-11-25,115.550003,116.75,115.169998,116.029999,76499200,45.96357794732274,0.19889668950429495,116.25299944999999
2020-11-27,116.57,117.489998,116.220001,116.589996,46691300,49.07047254633829,0.17024395533746883,116.31649925000002
2020-11-30,116.970001,120.970001,116.809998,119.050003,169410200,60.66218502708004,0.34209500457610886,116.82599935
2020-12-01,121.010002,123.470001,120.010002,122.720001,127728200,71.8239769469294,0.765600994668219,117.52349955
2020-12-02,122.019997,123.370003,120.889999,123.080002,89004200,72.71013214764112,1.1174009128923075,118.15549954999999
2020-12-03,123.519997,123.779999,122.209999,122.940002,78967600,71.68720927673311,1.3691256247443135,118.55499979999999
2020-12-04,122.599998,122.860001,121.519997,122.25,78260400,66.32213708274546,1.4957003747737474,118.71599985
2020-12-07,122.309998,124.57,122.25,123.75,86712000,71.69478159361086,1.6974817273634812,118.96899975000001
2020-12-08,124.370003,124.980003,123.089996,124.379997,82225500,73.7469691143898,1.8864841805051356,119.37199960000001
2020-12-09,124.529999,125.949997,121.0,121.779999,115089200,54.66441316381393,1.8056573824764257,119.6624995
2020-12-10,120.5,123.870003,120.150002,123.239998,81312200,61.23570289428176,1.8382214081522363,119.8499995
2020-12-11,122.43,122.760002,120.550003,122.410004,86939800,55.86512146658259,1.776575793987675,120.00999974999999
2020-12-14,122.599998,123.349998,121.540001,121.779999,79184500,51.83898130442394,1.6577752610212713,120.13599960000002
2020-12-15,124.339996,127.900002,124.129997,127.879997,157243700,73.45191793275396,2.0324154216769728,120.5149993
2020-12-16,127.410004,128.369995,126.559998,127.809998,98208600,73.01325718813291,2.2971915199493793,120.93599924999998
2020-12-17,128.899994,129.580002,128.039993,128.699997,94359800,75.20938403658451,2.549455431473916,121.46949915
2020-12-18,128.960007,129.100006,126.120003,126.660004,192541500,61.767683555585776,2.555309989717074,121.8704994
2020-12-21,125.019997,128.309998,123.449997,128.229996,121251600,67.0544958539837,2.656018079625909,122.41499939999999
2020-12-22,131.610001,134.410004,129.649994,131.880005,168904800,76.04076635890722,2.995821226082967,123.31649975
2020-12-23,132.160004,132.429993,130.779999,130.960007,88223700,70.39449477469904,3.1545181958019413,124.1060002
2020-12-24,131.320007,133.460007,131.100006,131.970001,54930100,72.96555060621486,3.3234738251167926,124.9030003
2020-12-28,133.990005,137.339996,133.509995,136.690002,124486200,81.65275415624201,3.7944964198778166,125.9080006
2020-12-29,138.050003,138.789993,134.339996,134.869995,121047300,71.34002766967218,3.975103348310185,126.6990002
2020-12-30,135.580002,135.990005,133.399994,133.720001,96452100,65.2636683411348,3.9795667669018258,127.2490002
2020-12-31,134.080002,134.740005,131.720001,132.690002,99116600,59.9298143257173,3.855547396659915,127.7295002
2021-01-04,133.520004,133.610001,126.760002,129.410004,143301900,45.97128032242444,3.4527910992149913,128.05300029999998
2021-01-05,128.889999,131.740005,128.429993,131.009995,97664900,52.29472895331298,3.2255278564964414,128.49100005
2021-01-06,127.720001,131.050003,126.379997,126.599998,155088000,37.99510751229835,2.65891982466286,128.63349995
2021-01-07,128.360001,131.630005,127.860001,130.919998,109578200,52.75840622906418,2.529310456990828,128.9605
2021-01-08,132.429993,132.630005,130.229996,132.050003,105158200,55.95850174513929,2.4890834543190863,129.4740002
2021-01-11,129.190002,130.169998,128.5,128.979996,100384500,46.06752706043212,2.18430010516812,129.7610001
2021-01-12,128.5,129.690002,126.860001,128.800003,91951100,45.51721161629204,1.9062590070564625,130.08050005
2021-01-13,128.759995,131.449997,128.490005,130.889999,88636800,53.10597393659774,1.8334201181421008,130.53600004999998
2021-01-14,130.800003,131.0,128.759995,128.910004,90221800,46.02107284534096,1.5975106169340734,130.5875004
2021-01-15,128.779999,130.220001,127.0,127.139999,111598500,40.39988916676503,1.253279006392944,130.55400045000002
2021-01-19,127.779999,128.710007,126.940002,127.830002,90757300,43.53651006089433,1.0243424681468412,130.5105007
2021-01-20,128.660004,132.490005,128.550003,132.029999,104319500,58.897726267898236,1.1683453117642841,130.77900045
2021-01-21,133.800003,139.669998,133.589996,136.869995,120150900,69.90528350888731,1.6539501230114126,131.21100040000002
2021-01-22,136.279999,139.850006,135.020004,139.070007,114459400,73.64783846208367,2.1910608312761326,131.5705005
2021-01-25,143.070007,145.089996,136.539993,142.919998,157611700,78.98380868198863,2.8940264992182847,132.16850004999998
2021-01-26,143.600006,144.300003,141.369995,143.160004,98390600,79.28881668858409,3.4309484954781624,132.7280002
2021-01-27,143.429993,144.300003,140.410004,142.059998,140843800,73.57889401524828,3.724764982627903,132.9965
2021-01-28,139.520004,141.990005,136.699997,137.089996,142621100,53.33348509249966,3.516048224894746,133.10750005
2021-01-29,135.830002,136.740005,130.210007,131.960007,177523800,40.05986372280807,2.9032248822275335,133.01950035
2021-02-01,133.75,135.380005,130.929993,134.139999,106239800,46.64344900713522,2.563909945582509,133.0920002
2021-02-02,135.729996,136.309998,134.610001,134.990005,83305400,49.1825027487714,2.3366533092300585,133.37100025
2021-02-03,135.759995,135.770004,133.610001,133.940002,89880900,46.026023506066885,2.0482137871963175,133.5175006
2021-02-04,136.300003,137.399994,134.589996,137.389999,84183100,56.682835426477624,2.0741003749226365,134.05700065000002
2021-02-05,137.350006,137.419998,135.860001,136.759995,75693800,54.39475498159768,2.0204886886691895,134.3490005
2021-02-08,136.029999,136.960007,134.919998,136.910004,71297200,54.90047769943228,1.9674262485712575,134.59200055
2021-02-09,136.619995,137.880005,135.850006,136.009995,76774200,50.94604261610957,1.8316367100492812,134.9435005
2021-02-10,136.479996,136.990005,134.399994,135.389999,73046600,48.158205185706144,1.6549171717765319,135.2730003
2021-02-11,135.899994,136.389999,133.770004,135.130005,64280000,46.902537952354194,1.4768619760155275,135.4850006
2021-02-12,134.350006,135.529999,133.690002,135.369995,60145100,48.35273886509782,1.3396742075302086,135.80800015
2021-02-16,135.490005,136.009995,132.789993,133.190002,80576300,37.49893270939962,1.04302139509835,136.11050029999998
2021-02-17,131.25,132.220001,129.470001,130.839996,97918500,29.243334686769757,0.6112499506563438,136.26100000000002
2021-02-18,129.199997,130.0,127.410004,129.710007,96856700,26.028683417539256,0.17586009588660545,136.1450004
2021-02-19,130.240005,130.710007,128.800003,129.869995,87668800,27.347897092839148,-0.15449883985479573,135.7950004
2021-02-22,128.009995,129.720001,125.599998,126.0,103916400,18.191984225494153,-0.7202839451808813,135.14150005
2021-02-23,123.760002,126.709999,118.389999,125.860001,158273000,17.938514836792137,-1.1665225212035466,134.2885002
2021-02-24,124.940002,125.559998,122.230003,125.349998,111039900,16.935651091655032,-1.5435299352246545,133.3979999
2021-02-25,124.68,126.459999,120.540001,120.989998,148199500,10.872974831803916,-2.169122297375395,132.34449990000002
2021-02-26,122.589996,124.849998,121.199997,121.260002,164560400,13.120024481994292,-2.613000640400898,131.55300019999999
2021-03-01,123.75,127.93,122.790001,127.790001,116307900,49.233543737728084,-2.410079186755354,131.3444999
2021-03-02,128.410004,128.720001,125.010002,125.120003,102260900,41.08659655064567,-2.4366211454460966,130.89350009999998
2021-03-03,124.809998,125.709999,121.839996,122.059998,112966300,33.64294830132104,-2.6737513279480254,130.24699975000001
2021-03-04,121.75,123.599998,118.620003,120.129997,178155000,29.685524278484223,-2.98302717659827,129.5564995
2021-03-05,120.980003,121.940002,117.57,121.419998,153766600,35.593360908469606,-3.088436640052464,128.75799945
2021-03-08,120.93,121.0,116.209999,116.360001,154376600,25.708550774185397,-3.5394730272025896,127.73799975
2021-03-09,119.029999,122.059998,118.790001,121.089996,129525800,42.978625823313145,-3.4751917005856825,126.94699935000001
2021-03-10,121.690002,122.169998,119.449997,119.980003,111943300,40.40694114437562,-3.4737719637708864,126.14549975
2021-03-11,122.540001,123.209999,121.260002,121.959999,103026500,47.00601019154368,-3.275124090610916,125.47399974999999
2021-03-12,120.400002,121.169998,119.160004,121.029999,88105100,44.31682297221617,-3.156352975279219,124.76899945
2021-03-15,121.410004,124.0,120.419998,123.989998,92403800,54.073212324288185,-2.791203571810996,124.19999959999998
2021-03-16,125.699997,127.220001,124.720001,125.57,115227900,58.59143996164136,-2.34726922354605,123.81899949999999
2021-03-17,124.050003,125.860001,122.339996,124.760002,111932600,55.33548167789104,-2.037323130477546,123.51499979999998
2021-03-18,122.879997,123.18,120.32,120.529999,121229700,41.33925844158941,-2.1087066515153055,123.05599939999999
2021-03-19,119.900002,121.43,119.68,119.989998,185549500,39.83849990847985,-2.183680069405085,122.56199955
2021-03-22,120.330002,123.870003,120.260002,123.389999,111912300,52.504324716719985,-1.9463095327728155,122.4314995
2021-03-23,123.330002,124.239998,122.139999,122.540001,95467100,49.46683647257555,-1.8059614082572608,122.2654995
2021-03-24,122.82,122.900002,120.07,120.089996,88530500,41.410682262412145,-1.870863288955789,122.00249939999999
2021-03-25,119.540001,121.660004,119.0,120.589996,98844700,43.597738617851434,-1.860505921537765,121.9824993
2021-03-26,120.349998,121.480003,118.919998,121.209999,94071200,46.4875338837368,-1.7817298995260558,121.97999915
2021-03-29,121.650002,122.580002,120.730003,121.389999,80819200,47.400340945653305,-1.6853472053627456,121.65999905000001
2021-03-30,120.110001,120.400002,118.860001,119.900002,85671900,40.69627386449451,-1.7094876221252662,121.398999
2021-03-31,121.650002,123.519997,121.150002,122.150002,118323800,52.52560607501915,-1.5294325341514536,121.40349919999998
2021-04-01,123.660004,124.18,122.489998,123.0,75089100,56.36201677301319,-1.3031281941816246,121.54699935
2021-04-05,123.870003,126.160004,123.07,125.900002,88651200,66.98236597687225,-0.8796345694852619,121.77099955000001
2021-04-06,126.5,127.129997,125.650002,126.209999,80171300,67.95498028052582,-0.513084139087951,122.26349945
2021-04-07,125.830002,127.919998,125.139999,127.900002,83466700,73.01148548003471,-0.08523858662185546,122.60399975
2021-04-08,128.949997,130.389999,128.520004,130.360001,88844600,78.71515808354522,0.4471786591749094,123.12299965
2021-04-09,129.800003,133.039993,129.470001,133.0,106686700,83.16872712963,1.0698168356917392,123.67499970000001
2021-04-12,132.520004,132.850006,130.630005,131.240005,91420000,71.52827213020676,1.405048662470577,124.1855
2021-04-13,132.440002,134.660004,131.929993,134.429993,91266500,78.03041097725627,1.9061547072406313,124.70749975000001
2021-04-14,134.940002,135.0,131.660004,132.029999,87222800,65.00086088254491,2.0855840846845126,125.0304997
2021-04-15,133.820007,135.0,133.639999,134.5,89347100,70.84602898968801,2.3994324335686628,125.5174996
2021-04-16,134.300003,134.669998,133.279999,134.160004,84922400,68.99554985612285,2.5908588672121198,126.19899985000002
2021-04-19,133.509995,135.470001,133.339996,134.839996,94264200,70.77660023507399,2.765555761181105,126.94149975
2021-04-20,135.020004,135.529999,131.809998,133.110001,94812300,60.466663304161536,2.7329049429382337,127.42749985
2021-04-21,132.360001,133.75,131.300003,133.5,68847100,61.925368258009506,2.70729063299936,127.9754998
2021-04-22,133.039993,134.149994,131.410004,131.940002,84566500,52.82871981320392,2.531925841645517,128.5680001
2021-04-23,132.160004,135.119995,132.160004,134.320007,78657500,62.605951695551425,2.5555358673182127,129.25450065
2021-04-26,134.830002,135.059998,133.559998,134.720001,66905100,64.06631982870334,2.5768191880894733,129.93000075
2021-04-27,135.009995,135.410004,134.110001,134.389999,66015800,61.7453267734303,2.537803747803821,130.58000075
2021-04-28,134.309998,135.020004,133.080002,133.580002,107760100,55.94177414511653,2.413700109428447,131.26400075
2021-04-29,136.470001,137.070007,132.449997,133.479996,151101000,55.19450828979305,2.28098367355679,131.83050045
2021-04-30,131.779999,133.559998,131.070007,131.460007,109839500,41.9799984545159,1.9898707203974766,132.2535008
2021-05-03,132.039993,134.070007,131.830002,132.539993,75135100,49.51877673854055,1.825266911279499,132.58550035
2021-05-04,131.190002,131.490005,126.699997,127.849998,137564700,29.861157555880595,1.301372395175349,132.6675003
2021-05-05,129.199997,130.449997,127.970001,128.100006,84000900,31.551038804662596,0.8960269321857481,132.6775005
2021-05-06,127.889999,129.75,127.129997,129.740005,78128300,42.207345319297794,0.69906357591546,132.6465007
2021-05-07,130.850006,131.259995,129.479996,130.210007,78973300,45.066765175374336,0.5742740566049065,132.50700104999999
2021-05-10,129.410004,129.539993,126.809998,126.849998,88071200,31.90205144038535,0.2019251505171269,132.2875007
2021-05-11,123.5,126.269997,122.769997,125.910004,126142800,29.12518403751571,-0.16708761807609562,131.86150125
2021-05-12,123.400002,124.639999,122.25,122.769997,112172300,21.74777723753111,-0.7047809425513947,131.39850115000002
2021-05-13,124.580002,126.150002,124.260002,124.970001,105861300,35.17067281544399,-0.9425200549744375,130.9220012
2021-05-14,126.25,127.889999,125.849998,127.449997,81918000,47.10366622797007,-0.9202074843090315,130.58650085
2021-05-17,126.82,126.93,125.169998,126.269997,74244600,42.73691115882152,-0.9863704846787869,130.1580009
2021-05-18,126.559998,126.989998,124.779999,124.849998,63342900,37.815127580216014,-1.140243177450742,129.74500075
2021-05-19,123.160004,124.919998,122.860001,124.690002,92612000,37.25119463863849,-1.2605676954065501,129.30450085
2021-05-20,125.230003,127.720001,125.099998,127.309998,76857100,51.164637349371596,-1.1314710676465296,129.07300064999998
2021-05-21,127.82,128.0,125.209999,125.43,79295400,43.15420727000675,-1.1674040793143519,128.62850029999998
2021-05-24,126.010002,127.940002,125.940002,127.099998,63092900,51.08997851957468,-1.0490337599165827,128.24750015
2021-05-25,127.82,128.320007,126.32,126.900002,72009500,50.11254015969012,-0.9602927773694603,127.87300029999999
2021-05-26,126.959999,127.389999,126.419998,126.849998,56575900,49.834432212174534,-0.8838117821844378,127.53650009999998
2021-05-27,126.440002,127.639999,125.080002,125.279999,94625600,41.41526965548732,-0.9390609308892266,127.12650025
2021-05-28,125.57,125.800003,124.550003,124.610001,71311100,38.2020052685057,-1.025092885790258,126.78399995
2021-06-01,125.080002,125.349998,123.940002,124.279999,67637100,36.571512975891146,-1.10713981472081,126.37100025000002
2021-06-02,124.279999,125.239998,124.050003,125.059998,59278900,43.25061411426484,-1.0965824762507737,126.23150025
2021-06-03,124.68,124.849998,123.129997,123.540001,76229200,34.89633532999591,-1.1970677127628448,126.00349999999999
2021-06-04,124.07,126.160004,123.849998,125.889999,75169300,51.71812975814268,-1.0746894369502087,125.8109997
2021-06-07,126.169998,126.32,124.830002,125.900002,71057600,51.78000310799756,-0.9657638882428898,125.59549945
2021-06-08,126.599998,128.460007,126.209999,126.739998,74403800,57.15868738674357,-0.8024092744323923,125.58999945000001
2021-06-09,127.209999,127.75,126.519997,127.129997,56877900,59.59968148121395,-0.6341695938180862,125.6509991
2021-06-10,127.019997,128.190002,125.940002,126.110001,71186400,50.77263475094417,-0.576498076598142,125.8179993
2021-06-11,126.529999,127.440002,126.099998,127.349998,53522400,59.31819688241933,-0.4258269212081558,125.93699914999999
2021-06-14,127.82,130.539993,127.07,130.479996,96906500,73.08008333891743,-0.053240541102510974,126.08849909999999
2021-06-15,129.940002,130.600006,129.389999,129.639999,62746300,66.0810920534395,0.1722702870839754,126.2569992
2021-06-16,130.369995,130.889999,128.460007,130.149994,91815000,68.23589710927448,0.387672727548221,126.52199900000001
2021-06-17,129.800003,132.550003,129.649994,131.789993,96721700,74.34937710065225,0.6828435315865846,126.87699855000001
2021-06-18,130.710007,131.509995,130.240005,130.460007,108953300,62.89618643487827,0.8002252665843486,127.03449900000001
2021-06-21,130.300003,132.410004,129.210007,132.300003,79663300,70.2845473958819,1.0298519448124068,127.37799915000001
2021-06-22,132.130005,134.080002,131.619995,133.979996,74783600,75.48458207483648,1.332039217557309,127.72199905
2021-06-23,133.770004,134.320007,133.229996,133.699997,60214200,73.0006129415007,1.531279591160228,128.06199880000003
2021-06-24,134.449997,134.639999,132.929993,133.410004,68711000,70.20897929939436,1.6467957745680906,128.3899991
2021-06-25,133.460007,133.889999,132.809998,133.110001,70783700,67.11146371438059,1.6946011402059753,128.7814992
2021-06-28,133.410004,135.25,133.350006,134.779999,62111300,74.4360872817034,1.8459630062731662,129.2899991
2021-06-29,134.800003,136.490005,134.350006,136.330002,64556100,79.40319887787216,2.067161710385392,129.89249925
2021-06-30,136.169998,137.410004,135.869995,136.960007,63261400,81.14082936727294,2.2671649491014136,130.4874997
2021-07-01,136.600006,137.330002,135.759995,137.270004,52485800,82.011995387409,2.4227551110686534,131.17399985000003
2021-07-02,137.899994,140.0,137.75,139.960007,78852600,87.74366387406295,2.7316336241646866,131.87750024999997
2021-07-06,140.070007,143.149994,140.070007,142.020004,108181800,90.45962783530015,3.106832976314962,132.68350034999997
2021-07-07,143.539993,144.889999,142.660004,144.570007,104911600,92.77258353161658,3.568806121431976,133.5750008
2021-07-08,141.580002,144.059998,140.669998,143.240005,105575500,80.84593124836653,3.783983712376312,134.3805012
2021-07-09,142.75,145.649994,142.649994,145.110001,99890800,84.18168700724961,4.058621292604755,135.33050120000001
2021-07-12,146.210007,146.320007,144.0,144.5,76299700,78.94909337188002,4.178880043010423,136.18800130000002
2021-07-13,144.029999,147.460007,143.630005,145.639999,100827100,81.46152423859778,4.316417388279717,136.94600145
2021-07-14,148.100006,149.570007,147.679993,149.149994,127050800,87.02440197942168,4.654984227014609,137.92150120000002
2021-07-15,149.240005,150.0,147.089996,148.479996,106820300,81.57326452954403,4.81374775904888,138.8380013
2021-07-16,148.460007,149.759995,145.880005,146.389999,93251400,66.42972243265305,4.7165542099697575,139.5680016
2021-07-19,143.75,144.070007,141.669998,142.449997,121434600,47.170218922638966,4.272353358583359,140.16750109999998
2021-07-20,143.460007,147.100006,142.960007,146.149994,96350000,59.90573670927973,4.170801416801027,140.86000065000002
2021-07-21,145.529999,146.130005,144.630005,145.399994,74993500,56.674757613173874,3.983878369344211,141.43100055
2021-07-22,145.940002,148.199997,145.809998,146.800003,77338200,61.22874616597719,3.9037099946205274,142.08600084999998
2021-07-23,147.550003,148.720001,146.919998,148.559998,71447400,66.40745234622023,3.9368117523769683,142.84350055
2021-07-26,148.270004,149.830002,147.699997,148.990005,72434100,67.63952739380349,3.9521847790821596,143.63750075000002
2021-07-27,149.119995,149.210007,145.550003,146.770004,104818600,55.4008362559649,3.742095933576735,144.23700100000002
2021-07-28,144.809998,146.970001,142.539993,144.979996,118931200,47.34267752027151,3.39205878187218,144.66950070000001
2021-07-29,144.690002,146.550003,144.580002,145.639999,56699500,50.44337197952767,3.1318070216264573,145.1035003
2021-07-30,144.380005,146.330002,144.110001,145.860001,70440600,51.552793160850186,2.909765978452441,145.53300015
2021-08-02,146.360001,146.949997,145.25,145.520004,62880000,49.552668795000486,2.675520204131459,145.811
2021-08-03,145.809998,148.039993,145.179993,147.360001,64786600,59.4787248425995,2.608284441297286,146.07799985000003
2021-08-04,147.270004,147.789993,146.279999,146.949997,56368300,56.5843636166019,2.493175938321258,146.19699935
2021-08-05,146.979996,147.839996,146.169998,147.059998,46397700,57.235733151629724,2.3833539609090337,146.38799899999998
2021-08-06,146.350006,147.110001,145.630005,146.139999,54126800,49.926821662165345,2.1967601385956357,146.4394989
2021-08-09,146.199997,146.699997,145.520004,146.089996,48908700,49.5257957729925,2.0215452505883604,146.5189987
2021-08-10,146.440002,147.710007,145.300003,145.600006,69023100,45.360426006519575,1.822143554849447,146.51699904999998
2021-08-11,146.050003,146.720001,145.529999,145.860001,48493500,48.06445509685483,1.6658923282180922,146.3524994
2021-08-12,146.190002,149.050003,145.839996,148.889999,72282600,68.95413987865501,1.7661979902223948,146.37299954999997
2021-08-13,148.970001,149.440002,148.270004,149.100006,59375000,69.93207244319626,1.841410130080817,146.5084999
2021-08-16,148.539993,151.190002,146.470001,151.119995,103296000,77.78475901416107,2.0404910131028373,146.94199980000002
2021-08-17,150.229996,151.679993,149.089996,150.190002,92229700,68.21555816426147,2.0990251292813014,147.1440002
2021-08-18,149.800003,150.720001,146.149994,146.360001,86326000,42.873712256495295,1.815437532221324,147.19200055
2021-08-19,145.029999,148.0,144.5,146.699997,86960300,44.99020388044457,1.5996869586590208,147.18700025
2021-08-20,147.440002,148.5,146.779999,148.190002,60549600,53.75100054240793,1.5312823559118272,147.16850044999998
2021-08-23,148.309998,150.190002,147.889999,149.710007,60131800,61.120361993695354,1.5814924551165745,147.20450054999998
2021-08-24,149.449997,150.860001,149.149994,149.619995,48606400,60.45484247834156,1.5956277014437603,147.3470001
2021-08-25,149.809998,150.320007,147.800003,148.360001,58991300,51.327580338529785,1.488006191284768,147.51600034999998
2021-08-26,148.350006,149.119995,147.509995,147.539993,48597200,46.048902953696306,1.3213162651911432,147.61100004999997
2021-08-27,147.479996,148.75,146.830002,148.600006,55802400,53.293172335773995,1.2602204511270259,147.7480003
2021-08-30,149.0,153.490005,148.610001,153.119995,90956700,71.99806784376834,1.558560796790431,148.12799984999998
2021-08-31,152.660004,152.800003,151.289993,151.830002,86453100,63.52713996099253,1.6716364317484818,148.3514999
2021-09-01,152.830002,154.979996,152.339996,152.509995,80313700,65.98810186228847,1.795422921453536,148.62949980000002
2021-09-02,153.869995,154.720001,152.399994,153.649994,71115500,69.95341111185644,1.9628860695534627,148.9589996
2021-09-03,153.759995,154.630005,153.089996,154.300003,57808700,72.11594911895818,2.123572888497222,149.3669998
2021-09-07,154.970001,157.259995,154.389999,156.690002,82278300,78.69398156890554,2.4159220499090566,149.89700009999999
2021-09-08,156.979996,157.039993,153.979996,155.110001,74420200,66.57991835685846,2.4913986971700695,150.37249985
2021-09-09,155.490005,156.110001,153.949997,154.070007,57305700,59.54130764385008,2.4391783302415604,150.78300015
2021-09-10,155.0,155.479996,148.699997,148.970001,140893200,37.10141405536919,1.9636299478304693,150.78700025
2021-09-13,150.630005,151.419998,148.75,149.550003,102404300,40.0968345099943,1.6149397228892042,150.8095001
2021-09-14,150.350006,151.070007,146.910004,148.119995,109296300,35.265934277619905,1.2092707919763654,150.6595001
2021-09-15,148.559998,149.440002,146.369995,149.029999,83281300,40.58084614439865,0.9502510564523448,150.60149995
2021-09-16,148.440002,148.970001,147.220001,148.789993,68034100,39.580904884238784,0.7173405165808049,150.72299955
2021-09-17,148.820007,148.820007,145.759995,146.059998,129868800,29.827490957397544,0.3089085492559889,150.6909996
2021-09-20,143.800003,144.839996,141.270004,142.940002,123478900,22.45105385103105,-0.2634969014885655,150.4284996
2021-09-21,143.929993,144.600006,142.779999,143.429993,75834000,25.812613696577046,-0.6698722956446659,150.1144989
2021-09-22,144.449997,146.429993,143.699997,145.850006,76404300,40.63919748294703,-0.7875742335658913,149.92599945
2021-09-23,146.649994,147.080002,145.639999,146.830002,64838200,45.76049640174187,-0.7926393275660928,149.8494995
2021-09-24,145.660004,147.470001,145.559998,146.919998,53477900,46.25725557501047,-0.780395611155285,149.81849975
2021-09-27,145.470001,145.960007,143.820007,145.369995,74150700,39.06767050228259,-0.885556521532493,149.6569992
2021-09-28,143.25,144.75,141.690002,141.910004,108972300,27.810634007655622,-1.233866414032775,149.09649965
2021-09-29,142.470001,144.449997,142.029999,142.830002,74602000,33.733842878259026,-1.4193074703901516,148.64649964999998
2021-09-30,143.660004,144.380005,141.279999,141.5,89056700,29.63301234660844,-1.6545186288423679,148.09599989999998
2021-10-01,141.899994,142.919998,139.110001,142.649994,94639600,37.319509345445915,-1.72820854923836,147.54599990000003
2021-10-04,141.759995,142.210007,138.270004,139.139999,98322000,26.86845840676024,-2.0462477341726526,146.7879997
2021-10-05,139.490005,142.240005,139.360001,141.110001,80861100,38.200671980486234,-2.114953514572221,146.00899965000002
2021-10-06,139.470001,142.149994,138.369995,142.0,83221100,42.86691485826404,-2.0736837241209116,145.35349960000002
2021-10-07,143.059998,144.220001,142.720001,143.289993,61732700,49.33579948788171,-1.914812694859961,144.81449890000002
2021-10-08,144.029999,144.179993,142.559998,142.899994,58773200,47.44118779665267,-1.7996308947853095,144.51099855
2021-10-11,142.270004,144.809998,141.809998,142.809998,64452200,46.95572816113258,-1.6960592976352302,144.17399830000002
2021-10-12,143.229996,143.25,141.039993,141.509995,73035900,40.0492058745055,-1.699289091348021,143.84349830000002
2021-10-13,141.240005,141.399994,139.199997,140.910004,78762700,37.11013196437301,-1.7303169685720547,143.43749855
2021-10-14,142.110001,143.880005,141.509995,143.759995,69907100,55.292264339399985,-1.5075581376954688,143.18599865000002
2021-10-15,143.770004,144.899994,143.509995,144.839996,67940300,60.359082188523324,-1.229697912505003,143.12499855
2021-10-18,143.449997,146.839996,143.160004,146.550003,85589200,67.22130475999458,-0.8615766886377969,143.30549860000002
2021-10-19,147.009995,149.169998,146.550003,148.759995,76378900,74.00604301282712,-0.38704842847246823,143.5719987
2021-10-20,148.699997,149.75,148.119995,149.259995,58418800,75.35264087524394,0.029029820129721884,143.74249815000002
2021-10-21,148.809998,149.639999,147.869995,149.479996,61421000,75.99110877760292,0.3722361651014694,143.87499785
2021-10-22,149.690002,150.179993,148.639999,148.690002,58883400,68.55178638269926,0.57386855315508,143.96349805
2021-10-25,148.679993,149.369995,147.619995,148.639999,50720600,68.05976935881398,0.7213139904830541,144.12699824999999
2021-10-26,149.330002,150.839996,149.009995,149.320007,60893400,71.3251057509666,0.882859469979536,144.49749839999998
2021-10-27,149.360001,149.729996,148.490005,148.850006,56094900,65.8930867231594,0.9618724072491034,144.79849860000002
2021-10-28,149.820007,153.169998,149.720001,152.570007,100077900,79.97539563626046,1.3095678377907802,145.35199895
2021-10-29,147.220001,149.940002,146.410004,149.800003,124953200,58.862268081995914,1.3460859575850748,145.70949939999997
2021-11-01,148.990005,149.699997,147.800003,148.960007,74588300,53.83423282712701,1.2923487812691121,146.2004998
2021-11-02,148.660004,151.570007,148.649994,150.020004,69122000,58.99139222703072,1.3200775487563874,146.64599994999998
2021-11-03,150.389999,151.970001,149.820007,151.490005,54511500,65.26867427656222,1.4440237848360766,147.12050019999998
2021-11-04,151.580002,152.429993,150.639999,150.960007,60394600,61.32041988168233,1.482397505014319,147.5040009
2021-11-05,151.889999,152.199997,150.059998,151.279999,65463900,62.90120144081709,1.5210953939857177,147.92300115
2021-11-08,151.410004,151.570007,150.160004,150.440002,55020900,55.904085627107825,1.4670715247298745,148.30450134999998
2021-11-09,150.199997,151.429993,150.059998,150.809998,56787900,58.288501464546066,1.4375417180510226,148.7695015
2021-11-10,150.020004,150.130005,147.850006,147.919998,65187100,39.04759468976818,1.167482277284961,149.1200012
2021-11-11,148.960007,149.429993,147.679993,147.869995,41000000,38.789132085747816,0.9386037607042965,149.3255012
2021-11-12,148.429993,150.399994,147.479996,149.990005,63804000,53.88699534912076,0.9177042532897701,149.58300165
2021-11-15,150.369995,151.880005,149.429993,150.0,59222800,53.94947135384493,0.891669149152591,149.75550149999998
2021-11-16,149.940002,151.490005,149.339996,151.0,59256200,60.2376623957086,0.9408818835277089,149.86750175
2021-11-17,151.0,155.0,150.990005,153.490005,88807000,71.53077690775945,1.167349445975134,150.07900225
2021-11-18,153.710007,158.669998,153.050003,157.869995,137827700,82.01401942767987,1.6808790809869265,150.49850220000002
2021-11-19,157.649994,161.020004,156.529999,160.550003,117305600,85.75777591937126,2.277851608919377,151.09150225000002
2021-11-22,161.679993,165.699997,161.0,161.020004,117467900,86.33954176600646,2.757099662326084,151.71050250000002
2021-11-23,161.119995,161.800003,159.059998,161.410004,96041900,86.8591850532982,3.1322700783874495,152.31500235
2021-11-24,160.75,162.139999,159.639999,161.940002,69463600,87.60664083072864,3.4327906712744323,152.96950214999998
2021-11-26,159.570007,160.449997,156.360001,156.809998,76959800,53.34312518686304,3.2198900683081035,153.18150169999998
2021-11-29,159.369995,161.190002,158.789993,160.240005,88748200,64.24989808762648,3.2900124897070384,153.7035018
2021-11-30,159.990005,165.520004,159.919998,165.300003,174048100,74.5066468158552,3.71110525302862,154.5205016
2021-12-01,167.479996,170.300003,164.529999,164.770004,152052500,71.98297027948774,3.9564503154255988,155.2580016
2021-12-02,158.740005,164.199997,157.800003,163.759995,136739200,66.94178193481517,4.023013959008097,155.8715011
2021-12-03,164.020004,164.960007,159.720001,161.839996,118023100,57.9422295188758,3.876156335501406,156.41550055
2021-12-06,164.289993,167.880005,164.279999,165.320007,107497000,67.25193078696566,3.994531937192704,157.11750095
2021-12-07,169.080002,171.580002,168.339996,171.179993,120405400,77.17686360785399,4.50921789364952,158.15450049999998
2021-12-08,172.130005,175.960007,170.699997,175.080002,116998900,81.52450552471966,5.1721866071852105,159.36800069999998
2021-12-09,174.910004,176.75,173.919998,174.559998,108923700,79.17826628215536,5.591182441354931,160.7000007
2021-12-10,175.210007,179.630005,174.690002,179.449997,115402700,84.17491701101346,6.245823742298683,162.2790008
2021-12-13,181.119995,182.130005,175.529999,175.740005,153237000,69.42781751204346,6.391588092128671,163.5665008
2021-12-14,175.25,177.740005,172.210007,174.330002,139380400,64.42331581783213,6.3204734477832005,164.7830009
2021-12-15,175.110001,179.5,172.309998,179.300003,131063300,72.55779223552074,6.589195974888213,166.19800105
2021-12-16,179.279999,181.139999,170.75,172.259995,150185800,52.65988145528091,6.1630469351569275,167.13650055
2021-12-17,169.929993,173.470001,169.690002,171.139999,195432700,50.109340983682024,5.669590919012421,167.80000074999998
2021-12-20,168.279999,170.580002,167.460007,169.75,107499100,46.825517998916204,5.107486246317848,168.2600006
2021-12-21,171.559998,173.199997,169.119995,172.990005,91185900,54.86852673206678,4.867347813336977,168.85850065
2021-12-22,173.039993,175.860001,172.149994,175.639999,92135300,60.560841556166835,4.835132348029049,169.5700004
2021-12-23,175.850006,176.850006,175.270004,176.279999,68356600,61.91432494901344,4.805845218821673,170.28700025
2021-12-27,177.089996,180.419998,177.070007,180.330002,74919600,69.61327282252019,5.051209157832176,171.46300045
2021-12-28,180.160004,181.330002,178.529999,179.289993,79144300,65.63811509896223,5.102918544147144,172.41549985
2021-12-29,179.330002,180.630005,178.139999,179.380005,62348900,65.8351088534892,5.092459122665787,173.11949995
2021-12-30,179.470001,180.570007,178.089996,178.199997,59773000,60.52794228544594,4.93209900472263,173.7909996
2021-12-31,178.089996,179.229996,177.259995,177.570007,64062300,57.63406629924546,4.699998866679181,174.4815002
2022-01-03,177.830002,182.880005,177.710007,182.009995,104487900,69.58904871778081,4.818779865457884,175.49000015
2022-01-04,182.630005,182.940002,179.119995,179.699997,99310400,59.412778716518346,4.6726536865471076,176.20899965
2022-01-05,179.610001,180.169998,174.639999,174.919998,94537600,43.910933849378225,4.123607287838695,176.3959999
2022-01-06,172.699997,175.300003,171.639999,172.0,96904000,37.0258384588774,3.413515741410862,176.2419998
2022-01-07,172.889999,174.139999,171.029999,172.169998,86709100,37.689439401912765,2.831836840461307,176.12249979999999
2022-01-10,169.080002,172.5,168.169998,172.190002,106765600,37.779450956660476,2.345429623586739,175.75950005
2022-01-11,172.320007,175.179993,170.820007,175.080002,76138300,49.96259028016263,2.1681541160799895,175.7264999
2022-01-12,176.119995,177.179993,174.820007,175.529999,74805200,51.68128717939993,2.040451936511147,175.78649975000002
2022-01-13,175.779999,176.619995,171.789993,172.190002,84505800,39.833522181062584,1.650708850677887,175.4309997
2022-01-14,171.339996,173.779999,171.089996,173.070007,80440800,43.79420493910494,1.3967429133364249,175.4715003
2022-01-18,171.509995,172.539993,169.410004,169.800003,90956700,34.070985297805564,0.9209944335009652,175.40450049999998
2022-01-19,170.0,171.080002,165.940002,166.229996,94815000,26.56010540022403,0.2529744742737421,175.2285003
2022-01-20,166.979996,169.679993,164.179993,164.509995,91420500,23.6318421157945,-0.41049394363102465,174.8044998
2022-01-21,164.419998,166.330002,162.300003,162.410004,122848900,20.424359585309304,-1.0931480380734797,174.14300005
2022-01-24,160.020004,162.300003,154.699997,161.619995,162294600,19.276082009858442,-1.6785541230289596,173.40999985
2022-01-25,158.979996,162.759995,157.020004,159.779999,115798400,16.721574246737873,-2.2648570998683795,172.3824997
2022-01-26,163.5,164.389999,157.820007,159.690002,108275300,16.596071938439678,-2.705580194544666,171.40250014999998
2022-01-27,162.449997,163.839996,158.279999,159.220001,121954600,15.870336666892783,-3.0575362009771254,170.39449995
2022-01-28,165.710007,170.350006,162.800003,170.330002,179935700,61.86266372684133,-2.412173605435868,170.0010002
2022-01-31,170.160004,175.0,169.509995,174.779999,115541600,69.62290013400646,-1.5240729667019934,169.8614998
2022-02-01,174.009995,174.839996,172.309998,174.610001,86213900,68.99717044732276,-0.8244603640848425,169.4915001
2022-02-02,174.75,175.880005,173.330002,175.839996,84914300,71.18334362423649,-0.16881601315589023,169.29850004999997
2022-02-03,174.479996,176.240005,172.119995,172.899994,89418100,59.48595910249731,0.11225921350529688,169.19749984999999
2022-02-04,171.679993,174.100006,170.679993,172.389999,82465400,57.57134249576748,0.29051217782949834,169.2169998
2022-02-07,172.860001,173.949997,170.949997,171.660004,77251200,54.634792442893946,0.3686251592478982,169.1915001
2022-02-08,171.729996,175.350006,171.429993,174.830002,74829200,63.95050583379688,0.6785012653819535,169.3235001
2022-02-09,176.050003,176.649994,174.899994,176.279999,71285000,67.51080928188543,1.0292187586165937,169.38349995000002
2022-02-10,174.139999,175.479996,171.550003,172.119995,90865900,50.73832481939749,0.9604162617648626,169.21299975
2022-02-11,172.330002,173.080002,168.039993,168.639999,98670700,40.83669920348518,0.617959738456392,169.0354996
2022-02-14,167.369995,169.580002,166.559998,168.880005,86185500,41.75133148035938,0.3617568471069035,168.82599950000002
2022-02-15,170.970001,172.949997,170.25,172.789993,62527400,54.97961388930753,0.46881337556979474,168.97549899999999
2022-02-16,171.850006,173.339996,170.050003,172.550003,61177400,54.099826288449385,0.5282024690883418,169.29149935
2022-02-17,171.029999,171.910004,168.470001,168.880005,69589300,42.08488252988447,0.27594961108621874,169.50999985
2022-02-18,169.820007,170.539993,166.190002,167.300003,82772700,37.8614836649038,-0.05086916496770755,169.75449980000002
2022-02-22,164.979996,166.690002,162.149994,164.320007,91162800,31.01312698977347,-0.5440645346399435,169.8895004
2022-02-23,165.539993,166.149994,159.75,160.070007,90009200,23.83864756867166,-1.2633023366949487,169.9040008
2022-02-24,152.580002,162.850006,152.0,162.740005,141147500,34.88012503329773,-1.5994198358925757,170.05650095000001
2022-02-25,163.839996,165.119995,160.869995,164.850006,91974200,42.557993371434904,-1.6762135821482786,170.33800119999998
2022-02-28,163.059998,165.419998,162.429993,165.119995,95056600,43.551542575254544,-1.695739889532149,170.07750085
2022-03-01,164.699997,166.600006,161.970001,163.199997,83474400,38.08607314335407,-1.8448758410205528,169.49850075
2022-03-02,164.389999,167.360001,162.949997,166.559998,79724800,50.71401996342605,-1.6726617535425987,169.09600059999997
2022-03-03,168.470001,168.910004,165.550003,166.229996,76678400,49.55587350055268,-1.544999459894143,168.6155006
2022-03-04,164.490005,165.550003,162.100006,163.169998,83737200,39.73844627038072,-1.6714747174641786,168.1290008
2022-03-07,163.360001,165.020004,159.039993,159.300003,96418800,30.750014422161087,-2.060234423908355,167.47450099999998
2022-03-08,158.820007,162.880005,155.800003,157.440002,131148300,27.28895174571153,-2.4897159326733345,166.7635009
2022-03-09,161.479996,163.410004,159.410004,162.949997,91454900,47.652211324091695,-2.3582877024160496,166.16950065
2022-03-10,160.199997,160.389999,155.979996,158.520004,105342000,37.73861060034895,-2.5818315481983234,165.2815009
2022-03-11,158.929993,159.279999,154.5,154.729996,96970100,31.24962202581733,-3.029886976680757,164.41200095
2022-03-14,151.449997,154.119995,150.100006,150.619995,108732100,25.666191429503115,-3.674262255672062,163.51100075
2022-03-15,150.899994,155.570007,150.380005,155.089996,92964300,39.403879634817756,-3.7806614713413467,162.8215003
2022-03-16,157.050003,160.0,154.460007,159.589996,102300200,50.211048430455264,-3.461963860012844,162.16150045
2022-03-17,158.610001,161.0,157.630005,160.619995,75615400,52.474468570151124,-3.0906542572909075,161.56500004999998
2022-03-18,160.509995,164.479996,159.759995,163.979996,123511700,59.48426367742325,-2.496486776442765,161.3199996
2022-03-21,163.509995,166.350006,163.009995,165.380005,95811400,62.19487490053257,-1.8908393224854763,161.22399969999998
2022-03-22,165.509995,169.419998,164.910004,168.820007,81532000,68.27861078852737,-1.120365068558982,161.4489997
2022-03-23,167.990005,172.639999,167.649994,170.210007,98062700,70.5153652839033,-0.39306626484381013,161.95599969999998
2022-03-24,171.059998,174.139999,170.210007,174.070007,90131400,75.99844740279163,0.4891543507717131,162.5224998
2022-03-25,173.880005,175.279999,172.75,174.720001,80546200,76.84441473687414,1.226629803453136,163.01599955
2022-03-28,172.169998,175.729996,172.0,175.600006,90371900,78.06554950898642,1.8606451033778342,163.5400001
2022-03-29,176.690002,179.009995,176.339996,178.960007,100589400,82.23807442101818,2.6042110722262066,164.3280006
2022-03-30,178.550003,179.610001,176.699997,177.770004,92633200,76.2451366787645,3.0621703689338915,164.8885009
2022-03-31,177.839996,178.029999,174.399994,174.610001,103049300,62.20217707098523,3.13399384790506,165.30750115
2022-04-01,174.029999,174.880005,171.940002,174.309998,78751300,60.958617762927986,3.130618911510311,165.86450115
2022-04-04,174.570007,178.490005,174.440002,178.440002,76468400,70.44769434348606,3.4217571703291583,166.8215011
2022-04-05,177.5,178.300003,174.419998,175.059998,73401800,57.178487573542334,3.341232613331613,167.70250090000002
2022-04-06,172.360001,173.630005,170.130005,171.830002,89058800,47.2551288827538,2.982403349435174,168.14650115
2022-04-07,171.160004,173.360001,169.850006,172.139999,77594700,48.2605548308696,2.692010913625296,168.8275009
2022-04-08,171.779999,171.779999,169.199997,170.089996,76575500,42.07302398383035,2.2702842825648304,169.5955009
2022-04-11,168.710007,169.029999,165.5,165.75,72246700,31.954118661688312,1.5677889872033575,170.35200115
2022-04-12,168.020004,169.869995,166.639999,167.660004,79265200,39.43332130906561,1.1518993855702888,170.98050154999999
2022-04-13,167.389999,171.039993,166.770004,170.399994,70618900,48.843827611391674,1.0315075964210791,171.52100145000003
2022-04-14,170.619995,171.270004,165.039993,165.289993,75329400,36.50337586283163,0.5177930653620422,171.75450135
2022-04-18,163.919998,166.600006,163.570007,165.070007,69023900,36.0459729057801,0.09186065424327694,171.8090019
2022-04-19,165.020004,167.820007,163.910004,167.399994,67723800,44.620671574879516,-0.057026011496418505,171.91000135000002
2022-04-20,168.759995,168.880005,166.100006,167.229996,67929800,44.11717586118882,-0.18658633352612242,171.8305008
2022-04-21,168.910004,171.529999,165.910004,166.419998,87227800,41.51322337344459,-0.3505825934237521,171.64100034999998
2022-04-22,166.460007,167.869995,161.5,161.789993,84882400,29.78819613993805,-0.8444195766093685,171.02699965
2022-04-25,161.119995,163.169998,158.460007,162.880005,96046400,34.84279244993094,-1.134753354585456,170.43499985
2022-04-26,162.25,162.339996,156.720001,156.800003,95623200,23.727035229631497,-1.8343055811526483,169.49499970000002
2022-04-27,155.910004,159.789993,155.380005,156.570007,88063200,23.39760694089668,-2.379831301897269,168.3754997
2022-04-28,159.25,164.520004,158.929993,163.639999,130216800,48.86095308987417,-2.216128942914878,167.66899945
2022-04-29,161.839996,166.199997,157.25,157.649994,131747600,36.777095124121104,-2.5404522349609806,166.8209991
2022-05-02,156.710007,158.229996,153.270004,157.960007,123055300,37.70730365495282,-2.740870275909259,166.00349955
2022-05-03,158.149994,160.710007,156.320007,159.479996,88966500,42.54297047606795,-2.7454052849039385,165.05549925
2022-05-04,159.669998,166.479996,159.259995,166.020004,108256500,58.65437563873138,-2.1959616448296515,164.60349954999998
2022-05-05,163.850006,164.080002,154.949997,156.770004,130525300,40.10004322000895,-2.478352392408709,163.85049965000002
2022-05-06,156.009995,159.440002,154.179993,157.279999,116124600,41.29456534999994,-2.6306720106839236,163.10749965
2022-05-09,154.929993,155.830002,151.490005,152.059998,131577900,33.352291959178714,-3.1364419109202686,162.20599975
2022-05-10,155.520004,156.740005,152.929993,154.509995,115366700,39.70256669614347,-3.301516095881283,161.6439995
2022-05-11,153.5,155.449997,145.809998,146.5,142689800,29.11962227704076,-4.032197567336425,160.5859993
2022-05-12,142.770004,146.199997,138.800003,142.559998,182602000,25.256240533755715,-4.873019990073772,159.1939995
2022-05-13,144.589996,148.100006,143.110001,147.110001,113990900,36.59061279727897,-5.11328780287289,158.2849999
2022-05-16,145.550003,147.520004,144.179993,145.539993,86643800,34.4854056074728,-5.368503533095833,157.3084992
2022-05-17,148.860001,149.770004,146.679993,149.240005,78336300,43.433535042087264,-5.212121697423271,156.40049975
2022-05-18,146.850006,147.360001,139.899994,140.820007,109742900,31.875053795230656,-5.7018836700738404,155.0800003
2022-05-19,139.880005,141.660004,136.600006,137.350006,136095600,28.25928121314095,-6.297430780611194,153.6265007
2022-05-20,139.089996,140.699997,132.610001,137.589996,137426100,28.90996389954914,-6.673117425270249,152.41650085
2022-05-23,137.789993,143.259995,137.649994,143.110001,117726300,42.82547617277748,-6.451069612108313,151.42800065
2022-05-24,140.809998,141.970001,137.330002,140.360001,104132700,38.45089093166261,-6.4229572842793345,150.60600055
2022-05-25,138.429993,141.789993,138.339996,140.520004,92482700,38.87472680981157,-6.314972089720726,149.80350040000002
2022-05-26,137.389999,144.339996,137.139999,143.779999,90601500,47.472709115904884,-5.89834622971361,148.8105004
2022-05-27,145.389999,149.679993,145.259995,149.639999,90978500,59.43798521841046,-5.037247949312416,148.41000065
2022-05-31,149.070007,150.660004,146.839996,148.839996,103718400,57.35701875510897,-4.369011667524404,147.9540001
2022-06-01,149.899994,151.740005,147.679993,148.710007,74286600,56.97885794592414,-3.8060449092286888,147.41550065
2022-06-02,147.830002,151.270004,146.860001,151.210007,72348100,62.523006822966025,-3.12217015661264,146.6750008
2022-06-03,146.899994,147.970001,144.460007,145.380005,88570300,46.292306661519845,-3.015861946937804,146.10550085
2022-06-06,147.029999,148.570007,144.899994,146.139999,71598400,48.33219168012337,-2.837576939962503,145.54850085
2022-06-07,144.350006,149.0,144.100006,148.710007,67808200,55.06538810455734,-2.4605430121048073,145.3810013
2022-06-08,148.580002,149.869995,147.460007,147.960007,53950200,52.72601356370305,-2.196934743702286,145.05350190000001
2022-06-09,147.080002,147.949997,142.529999,142.639999,69473000,39.010773168261935,-2.389755858273503,144.86050185000002
2022-06-10,140.279999,140.759995,137.059998,137.130005,91437900,29.68146481927718,-2.9531365279999875,144.5890022
2022-06-13,132.869995,135.199997,131.440002,131.880005,122207100,23.448043660587558,-3.7796810808854104,143.82750240000001
2022-06-14,133.130005,133.889999,131.479996,132.759995,84784300,26.46788029528041,-4.313986800885232,143.1885025
2022-06-15,134.289993,137.339996,132.160004,135.429993,91533000,35.47771609109347,-4.470448857285277,142.49800190000002
2022-06-16,132.080002,132.389999,129.039993,130.059998,108123900,27.555342208821187,-4.970463472900292,141.96000145
2022-06-17,130.070007,133.080002,129.809998,131.559998,134520300,32.46965521837542,-5.185911237579859,141.67050105
2022-06-21,133.419998,137.059998,133.320007,135.869995,81000500,44.98094479983293,-4.951793215746704,141.584501
2022-06-22,134.789993,137.759995,133.910004,135.350006,73409200,43.83776256318692,-4.753417327236434,141.19650125
2022-06-23,136.820007,138.589996,135.630005,138.270004,72433800,51.854185461230884,-4.310890311141662,141.09200140000002
2022-06-24,139.899994,141.910004,139.770004,141.660004,89116800,59.65424622962194,-3.6446268049575394,141.1490014
2022-06-27,142.699997,143.490005,140.970001,141.660004,70207900,59.65424622962194,-3.081091273845118,141.04300165
2022-06-28,142.130005,143.419998,137.320007,137.440002,67083400,46.80591497937066,-2.9411010170038026,140.4330018
2022-06-29,137.460007,140.669998,136.669998,139.229996,66242400,51.929454824777814,-2.655113675979919,139.9525018
2022-06-30,137.25,138.369995,133.770004,136.720001,98964500,44.86072850186874,-2.601019335565411,139.35300149999998
2022-07-01,136.039993,139.039993,135.660004,138.929993,71051600,51.624890501473395,-2.3527008257185287,138.7390008
2022-07-05,137.770004,141.610001,136.929993,141.559998,73353800,58.66505771216397,-1.921536912582468,138.54800045000002
2022-07-06,141.350006,144.119995,141.080002,142.919998,74064300,62.00130913122152,-1.4533425428880378,138.3870004
2022-07-07,143.289993,146.550003,143.279999,146.350006,66253700,69.29372714080684,-0.7963424122968092,138.26900035
2022-07-08,145.259995,147.550003,145.0,147.039993,64547800,70.61712309047732,-0.21748189502679338,138.22299965
2022-07-11,145.669998,146.639999,143.779999,144.869995,63141600,60.97486486959038,0.06541447485744811,138.33449945
2022-07-12,145.759995,148.449997,145.050003,145.860001,77588800,63.61891489697302,0.36528630340083623,138.77099925
2022-07-13,142.990005,146.449997,142.119995,145.490005,71185600,61.793449177536296,0.5665504619074682,139.45149925
2022-07-14,144.080002,148.949997,143.25,148.470001,78140700,69.90710874841926,0.95550011929123,140.23699955
2022-07-15,149.779999,150.860001,148.199997,150.169998,76259900,73.63366723475752,1.3849561628905462,140.9739998
2022-07-18,150.740005,151.570007,146.699997,147.070007,81420900,58.27970583099924,1.4583488675579588,141.82450025
2022-07-19,147.919998,151.229996,146.910004,151.0,82982400,68.11363646690369,1.8127346291343258,142.79650035
2022-07-20,151.119995,153.720001,150.369995,153.039993,64823400,72.09671447256812,2.2324638311769434,143.65500025
2022-07-21,154.5,155.570007,151.940002,155.350006,65086600,76.04916946326858,2.7201448546442464,144.65500025
2022-07-22,155.389999,156.279999,153.410004,154.089996,66675400,69.76091489430806,2.9707187065955623,145.44599985
2022-07-25,154.009995,155.039993,152.279999,152.949997,53623900,64.16096910596374,3.04224281616888,146.01049949999998
2022-07-26,152.259995,153.089996,150.800003,151.600006,55138700,57.75566921390043,2.955919200408175,146.50749960000002
2022-07-27,152.580002,157.330002,152.160004,156.789993,78620700,70.82101524762277,3.2686171060041147,147.47499914999997
2022-07-28,156.979996,157.639999,154.410004,157.350006,81378700,71.91450130504572,3.5210325465022834,148.38099964999998
2022-07-29,161.240005,163.630005,159.5,162.509995,101786900,79.9796475697522,4.090291258613377,149.67049935
2022-08-01,161.009995,163.589996,160.889999,161.509995,67829400,75.10337919288634,4.4099065885168045,150.79949945
2022-08-02,160.100006,162.410004,159.630005,160.009995,59907000,67.86273026161527,4.490403994127547,151.7219993
2022-08-03,160.839996,166.589996,160.75,166.130005,82507500,77.97169618921923,4.990504992892369,152.88249965
2022-08-04,166.009995,167.190002,164.429993,165.809998,55474100,76.50366881554851,5.299922539014148,153.85549925
2022-08-05,163.210007,165.850006,163.0,165.350006,56697000,74.16204849077127,5.445251197211974,154.7709999
2022-08-08,166.369995,167.809998,164.199997,164.869995,60276900,71.49780078436306,5.4587670610739565,155.7709999
2022-08-09,164.020004,165.820007,163.25,164.919998,63135500,71.6217006711467,5.411137084771241,156.72399975000002
2022-08-10,167.679993,169.339996,166.899994,169.240005,70170500,80.26756474825531,5.656770714907026,157.91149975
2022-08-11,170.059998,170.990005,168.190002,168.490005,57149200,75.60225594310481,5.724925032364922,158.91249995
2022-08-12,169.820007,172.169998,169.399994,172.100006,68039400,81.60586627828377,6.001058266471659,160.00900035
2022-08-15,171.520004,173.389999,171.350006,173.190002,54091700,83.07311655746577,6.235965087877531,161.3150001
2022-08-16,172.779999,173.710007,171.660004,173.029999,56377100,81.95356849872823,6.336179992535932,162.41650005000002
2022-08-17,172.770004,176.149994,172.570007,174.550003,79542000,84.29876597965674,6.463742644418886,163.49200055
2022-08-18,173.75,174.899994,173.119995,174.149994,62290100,81.06439344272079,6.458114458350906,164.43199995
2022-08-19,173.029999,173.740005,171.309998,171.520004,70346300,62.63152465921301,6.170308392817844,165.30350034999998
2022-08-22,169.690002,169.860001,167.139999,167.570007,69026800,44.78702229236232,5.559402929590334,166.03450085000003
2022-08-23,167.080002,168.710007,166.649994,167.229996,54147100,43.541203500229116,4.990294889402492,166.81600035000002
2022-08-24,167.320007,168.110001,166.25,167.529999,53841500,45.11284268051586,4.511474927552769,167.35300065
2022-08-25,168.779999,170.139999,168.350006,170.029999,51218200,56.80333179873258,4.284348462541715,167.9870003
2022-08-26,170.570007,171.050003,163.559998,163.619995,78961000,34.696929521954345,3.5462365430880993,168.0425003
2022-08-29,161.149994,162.899994,159.820007,161.380005,73314000,29.9456312046745,2.7488421156747336,168.03600079999998
2022-08-30,162.130005,162.559998,157.720001,158.910004,77906200,25.46040454996762,1.8957399390326373,167.98100125000002
2022-08-31,160.309998,160.580002,157.139999,157.220001,87991100,22.74142616252749,1.0709361147229401,167.53550105
2022-09-01,156.639999,158.419998,154.669998,157.960007,74229900,26.73822636840663,0.4715497097541004,167.1430015
2022-09-02,159.75,160.360001,154.970001,155.809998,76957800,22.749068707729933,-0.17493949880844184,166.66600110000002
2022-09-06,156.470001,157.089996,153.690002,154.529999,73714800,20.61304130078389,-0.7815627078097123,166.1490013
2022-09-07,154.820007,156.669998,153.610001,155.960007,87449600,29.269238799242004,-1.1338558919810282,165.70100175
2022-09-08,154.639999,156.360001,152.679993,154.460007,84923800,25.823427724553554,-1.516605755454492,164.96200185
2022-09-09,155.470001,157.820007,154.75,157.369995,68028800,41.42984278305884,-1.5670619532703824,164.40600135
2022-09-12,159.589996,164.259995,159.300003,163.429993,104956000,61.24182061069254,-1.105316262633039,163.9725007
2022-09-13,159.899994,160.539993,153.369995,153.839996,122656600,37.698480745471,-1.4959675048672239,163.0050004
2022-09-14,154.789993,157.100006,153.610001,155.309998,87965400,41.70612486739701,-1.6677201133998096,162.11900035
2022-09-15,154.649994,155.240005,151.380005,152.369995,90481100,36.26318980754189,-2.017808919362352,161.00999995
2022-09-16,151.210007,151.350006,148.369995,150.699997,162278800,33.37656757169027,-2.4023192611351476,159.8375001
2022-09-19,149.309998,154.559998,149.100006,154.479996,81474200,44.94871446878237,-2.3746585629669994,158.98549970000002
2022-09-20,153.399994,158.080002,153.080002,156.899994,107689800,51.27061909650438,-2.1328771662487327,158.45199904999998
2022-09-21,157.339996,158.740005,153.600006,153.720001,101696800,43.595575717691474,-2.1728156598028363,157.77649929999998
2022-09-22,152.380005,154.470001,150.910004,152.740005,86652500,41.36902549107357,-2.257521389398761,157.0369996
2022-09-23,151.190002,151.470001,148.559998,150.429993,96029900,36.27424801934993,-2.4824339993169247,156.0569993
2022-09-26,149.660004,153.770004,149.639999,150.770004,93339400,37.594028196109306,-2.6032343518247387,155.41449975
2022-09-27,152.740005,154.720001,149.949997,151.759995,84442700,41.695800404794596,-2.589238373284388,154.93349925
2022-09-28,147.639999,150.639999,144.839996,149.839996,146691400,36.29769911191416,-2.7019281864133404,154.47999885
2022-09-29,146.100006,146.720001,140.679993,142.479996,128138200,22.987897775314792,-3.346549228763223,153.74299860000002
2022-09-30,141.279999,143.100006,138.0,138.199997,124925300,18.408372049812712,-4.154881313467399,152.7549981
2022-10-03,138.210007,143.070007,137.690002,142.449997,114311700,33.70781537442225,-4.40180951301096,152.08699804999998
2022-10-04,145.029999,146.220001,144.259995,146.100006,87830100,44.19288660025113,-4.253939897120432,151.6654984
2022-10-05,144.070007,147.380005,143.009995,146.399994,79471000,45.02660303903772,-4.065679019746142,151.18749774999998
2022-10-06,145.809998,147.539993,145.220001,145.429993,68402200,42.6244394748774,-3.9492276540569264,150.73599705
2022-10-07,142.539993,143.100006,139.449997,140.089996,85925600,31.746533086291038,-4.238968052402328,149.8719971
2022-10-10,140.419998,141.889999,138.570007,140.419998,74899000,32.97968184442378,-4.391340363899133,148.72149735
2022-10-11,139.899994,141.350006,138.220001,138.979996,77033700,30.201781696995056,-4.575548569614284,147.97849735
2022-10-12,139.130005,140.360001,138.160004,138.339996,70433700,28.937915547034663,-4.718782365321431,147.12999725
2022-10-13,134.990005,143.589996,134.369995,142.990005,113224000,47.54492694139286,-4.406286389133925,146.66099775
2022-10-14,144.309998,144.520004,138.190002,138.380005,88598000,36.49291865710069,-4.47898855720203,146.04499815
2022-10-17,141.070007,142.899994,140.270004,142.410004,85250900,48.663562361274906,-4.16342493893967,145.44149854999998
2022-10-18,145.490005,146.699997,140.610001,143.75,99136600,52.21594508117341,-3.761847780028262,144.78399885
2022-10-19,141.690002,144.949997,141.5,143.860001,61758300,52.530537501966336,-3.3955767321058943,144.29099885
2022-10-20,143.020004,145.889999,142.649994,143.389999,64522000,50.86135790448373,-3.1074092417723307,143.82349855
2022-10-21,142.869995,147.850006,142.649994,147.270004,86548600,62.37569781167815,-2.536708852003642,143.66549909999998
2022-10-24,147.190002,150.229996,146.0,149.449997,75981900,67.38525646831121,-1.8867679785152802,143.59949875
2022-10-25,150.089996,152.490005,149.360001,152.339996,74732300,72.95470418400353,-1.1255121832920452,143.62849880000002
2022-10-26,150.960007,151.990005,148.039993,149.350006,88194300,60.48717726968621,-0.7547780738346148,143.6039993
2022-10-27,148.070007,149.050003,144.130005,144.800003,109180200,46.40722083018738,-0.8186786197146034,143.71999965
2022-10-28,148.199997,157.5,147.820007,155.740005,164762400,67.57780714908,0.013293233168212737,144.59700005000002
2022-10-31,153.160004,154.240005,151.919998,153.339996,97943200,61.37276734185648,0.4735178331970076,145.1415
2022-11-01,155.080002,155.449997,149.130005,150.649994,80379300,54.79379068539918,0.6141093935250126,145.36899939999998
2022-11-02,148.949997,152.169998,145.0,145.029999,93604600,43.442866382104874,0.268942389297365,145.30049965
2022-11-03,142.059998,142.800003,138.75,138.880005,97918500,34.35643210083812,-0.4951502822689804,144.97300024999998
2022-11-04,142.089996,142.669998,134.380005,138.380005,140814800,33.68809801498945,-1.1280416883991222,144.8875007
2022-11-07,137.110001,139.149994,135.669998,138.919998,83374600,35.27454506685055,-1.5679652380634934,144.8125007
2022-11-08,140.410004,141.429993,137.490005,139.5,89908500,37.15849276117243,-1.8484981702727339,144.8385009
2022-11-09,138.5,138.550003,134.589996,134.869995,74917800,29.233867104521835,-2.416568551117308,144.66500085
2022-11-10,141.240005,146.869995,139.5,146.869995,118854000,56.97748276480692,-1.8768337378061517,144.85900035
2022-11-11,145.820007,150.009995,144.369995,149.699997,93979700,61.16636304279224,-1.2068210181144536,145.42499995
2022-11-14,148.970001,150.279999,147.429993,148.279999,73374100,57.868072370454804,-0.7814055252721062,145.7184997
2022-11-15,152.220001,153.589996,148.559998,150.039993,89868300,60.91561503915343,-0.29879950067740424,146.03299935
2022-11-16,149.130005,149.869995,147.289993,148.789993,64218300,57.47105880605626,-0.01699934464818398,146.27949895
2022-11-17,146.429993,151.479996,146.149994,150.720001,80389400,61.40256509644279,0.3579387302424948,146.64599905
2022-11-18,152.309998,152.699997,149.970001,151.289993,74829600,62.59400477431487,0.6930840056668899,146.8469985
2022-11-21,150.160004,150.369995,147.720001,148.009995,58724100,51.84902058051646,0.6861115575729855,146.77499840000002
2022-11-22,148.130005,150.419998,146.929993,150.179993,51804100,57.482460998513815,0.8459351317720802,146.66699825
2022-11-23,149.449997,151.830002,149.339996,151.070007,58301400,59.73651460820407,1.0325110131899464,146.7529983
2022-11-25,148.309998,148.880005,147.119995,148.110001,35195900,49.54500454570915,0.9307963560308394,146.9184982
2022-11-28,145.139999,146.639999,143.380005,144.220001,69246000,39.27222506379033,0.5301846291280583,146.342498
2022-11-29,144.289993,144.809998,140.350006,141.169998,83763800,33.011182825802976,-0.033032030173302473,145.7339981
2022-11-30,141.399994,148.720001,140.550003,148.029999,111380900,52.76964172087363,0.07331433681477506,145.60299834999998
2022-12-01,148.210007,149.130005,146.610001,148.309998,71250400,53.423816428550914,0.1781347515568541,145.7669983
2022-12-02,145.960007,148.0,145.649994,147.809998,65447400,51.925466573436694,0.21834294257635634,146.21349795
2022-12-05,147.770004,150.919998,145.770004,146.630005,68826400,48.20317664892861,0.15322635214914726,146.62599795
2022-12-06,147.070007,147.300003,141.919998,142.910004,64727200,38.145759368111996,-0.19628930533255584,146.82549825
2022-12-07,142.190002,143.369995,140.0,140.940002,69721100,33.78995094005229,-0.6250406004497506,146.89749835
2022-12-08,142.360001,143.520004,141.100006,142.649994,62128300,40.65269367998322,-0.8174242692686562,147.2864983
2022-12-09,142.339996,145.570007,140.899994,142.160004,76097000,39.29121999656785,-0.997924360004049,147.05099875000002
2022-12-12,142.699997,144.5,141.059998,144.490005,70462700,48.80333837891527,-0.9421004269904358,146.79049915000002
2022-12-13,149.5,149.970001,144.240005,145.470001,93886200,52.45855487767911,-0.8094512210453786,146.64999925
2022-12-14,145.350006,146.660004,141.160004,143.210007,82291200,44.00558969221509,-0.8765836868030021,146.30849995
2022-12-15,141.110001,141.800003,136.029999,136.5,98931900,28.242103405315362,-1.4544620039999927,145.6940003
2022-12-16,136.690002,137.649994,133.729996,134.509995,160156900,25.127698181569883,-2.049387443353737,144.8835
2022-12-19,135.110001,135.199997,131.320007,132.369995,79592600,22.073756600671615,-2.662854526114046,143.9375001
2022-12-20,131.389999,133.25,129.889999,132.300003,77432800,21.971860802170255,-3.1187286162981707,143.15200049999999
2022-12-21,132.979996,136.809998,132.75,135.449997,85928000,37.19438330070091,-3.189072286769516,142.4155007
2022-12-22,134.350006,134.559998,130.300003,132.229996,77852100,30.17399336839449,-3.4647083216200656,141.47350015
2022-12-23,130.919998,132.419998,129.639999,131.860001,63814900,29.429345226317167,-3.670693895116983,140.66100015
2022-12-27,131.380005,131.410004,128.720001,130.029999,69007800,25.760901395347886,-3.93623039976427,139.95150005
2022-12-28,129.669998,131.029999,125.870003,126.040001,85438400,19.559097937967508,-4.417704933037612,139.1950002
2022-12-29,127.989998,130.479996,127.730003,129.610001,75703700,35.71433728416426,-4.459798029670139,138.2740003
2022-12-30,128.410004,129.949997,127.43,129.929993,77034200,37.03667329471783,-4.416426615012767,137.35500005
2023-01-03,130.279999,130.899994,124.169998,125.07,112117500,27.14347925750161,-4.719808263187048,136.21800015000002
2023-01-04,126.889999,128.660004,125.080002,126.360001,89113600,32.70967382103025,-4.800807386250256,135.20449994999998
2023-01-05,127.129997,127.769997,124.760002,125.019997,80962700,29.93780456523929,-4.916453087952192,134.3099996
2023-01-06,126.010002,130.289993,124.889999,129.619995,87754700,47.690839754418185,-4.584079331873028,133.74399925
2023-01-09,130.470001,133.410004,129.889999,130.149994,70790800,49.413837862216525,-4.229153200108755,133.11899925
2023-01-10,130.259995,131.259995,128.119995,130.729996,63896200,51.45533958357568,-3.8566137270728404,132.54749884999998
2023-01-11,131.25,133.509995,130.460007,133.490005,69458900,60.34096428062112,-3.3006163994569704,131.99749885
2023-01-12,133.880005,134.259995,131.440002,133.410004,71379600,59.96976208917074,-2.833773941644438,131.394499
2023-01-13,132.029999,134.919998,131.660004,134.759995,57809700,64.29410793796909,-2.328028871373732,130.97199840000002
2023-01-17,134.830002,137.289993,134.130005,135.940002,63646600,67.83723058752992,-1.8111280001203625,130.9439985
2023-01-18,136.820007,138.610001,135.029999,135.210007,69672800,63.30349607039597,-1.443742269080019,130.9789991
2023-01-19,134.080002,136.25,133.770004,135.270004,58280400,63.53716172708424,-1.1346654567939254,131.12399955
2023-01-20,135.279999,138.020004,134.220001,137.869995,80223600,72.41693407125511,-0.6721739091989036,131.40249914999998
2023-01-23,138.119995,143.320007,137.899994,141.110001,81760300,79.6293039219308,-0.043700862972627874,131.68549935000001
2023-01-24,140.309998,143.160004,140.300003,142.529999,66435100,82.03163432214797,0.5624667585775569,132.2004995
2023-01-25,140.889999,142.429993,138.809998,141.860001,65799300,77.03100141176506,0.9775273992954965,132.7004995
2023-01-26,143.169998,144.25,141.899994,143.960007,54105100,81.21781435734619,1.4590992927435025,133.39699990000003
2023-01-27,143.160004,147.229996,143.080002,145.929993,70555800,84.34158230866102,1.9769211774364521,134.39149949999998
2023-01-30,144.960007,145.550003,142.850006,143.0,64015300,65.45255909933647,2.126361432652459,135.06099945
2023-01-31,142.699997,144.339996,142.279999,144.289993,65874500,69.0167597925748,2.322117639073525,135.77899945000001
2023-02-01,143.970001,146.610001,141.320007,145.429993,77663600,71.99553564994116,2.539965178131922,136.7969991
2023-02-02,148.899994,151.179993,148.169998,150.820007,118339000,81.70032626178845,3.1116706041391353,138.01999940000002
2023-02-03,148.029999,157.380005,147.830002,154.5,154357300,85.65894652642955,3.8176880221887757,139.49399955
2023-02-06,152.570007,153.100006,150.779999,151.729996,69858300,71.98423737871859,4.106360175678532,140.5994996
2023-02-07,150.639999,155.229996,150.639999,154.649994,83322600,76.5819785212966,4.518666003333692,141.82449960000002
2023-02-08,153.880005,154.580002,151.169998,151.919998,64120100,64.95468139429708,4.572425406729224,142.8839997
2023-02-09,153.779999,154.330002,150.419998,150.869995,56007100,60.811685097282215,4.478676262304305,143.7529992
2023-02-10,149.460007,151.339996,149.220001,151.009995,57450700,61.196682000795526,4.365355123369653,144.63299875
2023-02-13,150.949997,154.259995,150.919998,153.850006,62199000,68.51680286973608,4.453376702570523,145.5874993
2023-02-14,152.119995,153.770004,150.860001,153.199997,61707600,65.23094195475485,4.4197361768438554,146.45049905000002
2023-02-15,153.110001,155.5,152.880005,155.330002,65573800,70.61789338313027,4.512927204529888,147.4564988
2023-02-16,153.509995,156.330002,153.350006,153.710007,68167900,62.08292104110946,4.405280377736574,148.37849895
2023-02-17,152.350006,153.0,150.850006,152.550003,59144100,56.38944160339217,4.178203138764729,149.11249934999998
2023-02-21,150.199997,151.300003,148.410004,148.479996,58867200,40.99873575509712,3.6280058473905967,149.4809991
2023-02-22,148.869995,149.949997,147.160004,148.910004,51011300,42.91908337420815,3.189897429961974,149.79999935
2023-02-23,150.089996,150.339996,147.240005,149.399994,48394200,45.28647810090741,2.8493855082732864,150.176999
2023-02-24,147.110001,147.190002,145.720001,146.710007,55469600,35.78155337345309,2.335545176371653,150.314499
2023-02-27,147.710007,149.169998,147.449997,147.919998,44998500,42.1530221319576,2.002871318883251,150.41399925000002
2023-02-28,147.050003,149.080002,146.830002,147.410004,50547000,40.19214379109933,1.6787213813195763,150.63449945
2023-03-01,146.830002,147.229996,145.009995,145.309998,55479000,32.85087489412052,1.2381051808771701,150.68549969999998
2023-03-02,144.380005,146.710007,143.899994,145.910004,52238100,36.70462696758437,0.9266473237684067,150.70950025
2023-03-03,148.039993,151.110001,147.330002,151.029999,70732300,59.71917676642555,1.0805002012613159,150.71999984999997
2023-03-06,153.789993,156.300003,153.460007,153.830002,87558000,67.30421874476794,1.4120888750662175,150.68649994999998
2023-03-07,153.699997,154.029999,151.130005,151.600006,56182000,57.28187580341963,1.4778969713513277,150.68000045000002
2023-03-08,152.809998,153.470001,151.830002,152.869995,47204800,61.127864767020746,1.6139235542373456,150.5910005
2023-03-09,153.559998,154.539993,150.229996,150.589996,53833600,51.42966657369117,1.5202245345128915,150.5245004
2023-03-10,150.210007,150.940002,147.610001,148.5,68572400,43.96931760345047,1.2627657978682123,150.40600064999998
2023-03-13,147.809998,153.139999,147.699997,150.470001,84457100,51.67766267588858,1.2038136959629355,150.37900095
2023-03-14,151.279999,153.399994,150.100006,152.589996,73695900,58.794759431315605,1.3130238873936833,150.31600045
2023-03-15,151.190002,153.25,149.919998,152.990005,77167900,60.088752516692956,1.4155337423620153,150.30550085
2023-03-16,152.160004,156.460007,151.639999,155.850006,76161100,68.3734179211934,1.7078645205581324,150.33150104999999
2023-03-17,156.080002,156.740005,154.279999,155.0,98944600,63.78265505488096,1.8496290160615558,150.3960007
2023-03-20,155.070007,157.820007,154.149994,157.399994,73641400,70.34217209668338,2.1310721847202103,150.63850025000002
2023-03-21,157.320007,159.399994,156.539993,159.279999,73938300,74.55399832394865,2.477262277718097,151.17850040000002
2023-03-22,159.300003,162.139999,157.809998,157.830002,75701800,66.1064647686459,2.6045936465600903,151.6245003
2023-03-23,158.830002,161.550003,157.679993,158.929993,67622100,69.19562351403782,2.7624212814470184,152.10100025
2023-03-24,158.860001,160.339996,157.850006,160.25,59196500,72.68151497151433,2.9598945306439646,152.7779999
2023-03-27,159.940002,160.770004,157.869995,158.279999,52390300,60.71806674083921,2.923727970548697,153.29599994999998
2023-03-28,157.970001,158.490005,155.979996,157.649994,45992200,57.20496698455132,2.811816700154452,153.80799945
2023-03-29,159.369995,161.050003,159.350006,160.770004,51305700,67.9268847324833,2.940983121353753,154.58099975
2023-03-30,161.529999,162.470001,161.270004,162.360001,49501700,72.08506101514702,3.1355037747566143,155.4034996
2023-03-31,162.440002,165.0,161.910004,164.899994,68749800,77.51744460383776,3.4547942835507968,156.09699935
2023-04-03,164.270004,166.289993,164.220001,166.169998,56976200,79.80947662682208,3.7668906504573556,156.71399915
2023-04-04,166.600006,166.839996,165.110001,165.630005,46278300,75.96768562121778,3.925406702586855,157.41549909999998
2023-04-05,164.740005,165.050003,161.800003,163.759995,51511700,63.59879501614818,3.855691624311305,157.9599991
2023-04-06,162.429993,164.960007,162.0,164.660004,45390100,66.64791526014423,3.8289276327926984,158.6634995
2023-04-10,161.419998,162.029999,160.080002,162.029999,47716900,51.84301321862527,3.5545232219699585,159.33999945
2023-04-11,162.350006,162.360001,160.509995,160.800003,47644200,46.23874489380826,3.2009072850351004,159.85649955000002
2023-04-12,161.220001,162.059998,159.779999,160.100006,50133100,43.142247491145305,2.8315399693734946,160.23200004999998
2023-04-13,161.630005,165.800003,161.419998,165.559998,68445600,64.67160925675398,2.9454362779648307,160.8604997
2023-04-14,164.589996,166.320007,163.820007,165.210007,49386500,62.89070891700519,2.9731855422120077,161.32849975000002
2023-04-17,165.089996,165.389999,164.029999,165.229996,41516200,62.958675187731885,2.962638526540019,161.83999955000002
2023-04-18,166.100006,167.410004,165.649994,166.470001,49923000,67.29396238357907,3.019530710540124,162.29349989999997
2023-04-19,165.800003,168.160004,165.539993,167.630005,47720200,70.99850494506055,3.122229684209259,162.7110002
2023-04-20,166.089996,167.869995,165.559998,166.649994,52456400,63.86817810077626,3.0889333623351263,163.1519998
2023-04-21,165.050003,166.449997,164.490005,165.020004,58337300,53.45166727144178,2.8976172883615448,163.45650035
2023-04-24,165.0,165.600006,163.889999,165.330002,41949600,55.07730686429794,2.7394336829593158,163.71050044999998
2023-04-25,165.190002,166.309998,163.729996,163.770004,48714100,45.7059080750611,2.45983775641389,163.9850007
2023-04-26,163.059998,165.279999,162.800003,163.759995,45498800,45.64776945477015,2.211950340956207,164.29050075
2023-04-27,165.190002,168.559998,165.190002,168.410004,64902300,67.82843160598097,2.363470031512662,164.67250074999998
2023-04-28,168.490005,169.850006,167.880005,169.679993,55209200,71.53039056645346,2.556557572187785,165.03850035
2023-05-01,169.279999,170.449997,168.639999,169.589996,52472900,70.85630853286638,2.671523177307165,165.27300044999998
2023-05-02,170.089996,170.350006,167.539993,168.539993,48425700,62.800739722862396,2.647390313200617,165.39150020000002
2023-05-03,169.5,170.919998,167.160004,167.449997,65136000,55.20027597499766,2.511361860545037,165.4824998
2023-05-04,164.889999,167.039993,164.309998,165.789993,81235400,45.43106904330313,2.243745382133511,165.5839997
2023-05-05,170.979996,174.300003,170.759995,173.570007,113316400,72.26751123500841,2.6291325015303357,166.02949985
2023-05-08,172.479996,173.850006,172.110001,173.5,55962800,71.89632312827092,2.8955277489035893,166.60299990000001
2023-05-09,173.050003,173.539993,171.600006,171.770004,45326900,62.623002768391686,2.933239127912259,167.15149995
2023-05-10,173.020004,174.029999,171.899994,173.559998,53724500,67.65849644622116,3.072149397757613,167.82449955
2023-05-11,173.850006,174.589996,172.169998,173.75,49514700,68.18921638127908,3.1611288354113185,168.23399965000002
2023-05-12,173.619995,174.059998,171.0,172.570007,45497800,60.943212142606114,3.1006873140811706,168.60199964999998
2023-05-15,173.160004,173.210007,171.470001,172.070007,37266700,57.90155356388944,2.9781113379498265,168.9440002
2023-05-16,171.990005,173.139999,171.800003,172.070007,42110300,57.90155356388944,2.848137438269106,169.22400050000002
2023-05-17,171.710007,172.929993,170.419998,172.690002,57951600,61.172242162658726,2.7633069192797564,169.47700035
2023-05-18,173.0,175.240005,172.580002,175.050003,65496700,71.13220179163378,2.8536157728432556,169.8970008
2023-05-19,176.389999,176.389999,174.940002,175.160004,55772400,71.52934213239178,2.900625743323644,170.4040008
2023-05-22,173.979996,174.710007,173.449997,174.199997,43570900,62.74101100371169,2.8278195977646305,170.84750055
2023-05-23,173.130005,173.380005,171.279999,171.559998,50747300,45.00197815424762,2.5279536706427734,171.23700025
2023-05-24,171.089996,172.419998,170.520004,171.839996,45143500,46.86102177920646,2.286543412406047,171.6410003
2023-05-25,172.410004,173.899994,171.690002,172.990005,56058300,54.26821633614413,2.163085456096269,171.87000035
2023-05-26,173.320007,175.770004,173.110001,175.429993,54835000,65.99977234738358,2.2363515079208867,172.15750035
2023-05-30,176.960007,178.990005,176.570007,177.300003,55964400,72.34341914248895,2.4174427849011977,172.54300070000002
2023-05-31,177.330002,179.350006,176.759995,177.25,99625300,71.92478498247233,2.5277853661831955,172.97850105
2023-06-01,177.699997,180.119995,176.929993,180.089996,68901800,79.7063150922086,2.811981823128491,173.610501
2023-06-02,181.029999,181.779999,179.259995,180.949997,61945900,81.51623883393209,3.0712015563690613,174.3685012
2023-06-05,182.630005,184.949997,178.039993,179.580002,121946500,69.92571429171126,3.130007141598952,174.66900095
2023-06-06,179.970001,180.119995,177.429993,179.210007,64848400,66.92733775704528,3.110895025849146,174.9545013
2023-06-07,178.440002,181.210007,177.320007,177.820007,61944600,56.33907508524013,2.949586159938633,175.25700145000002
2023-06-08,177.899994,180.839996,177.460007,180.570007,50214900,68.01777529302522,3.0089642717188383,175.6075019
2023-06-09,181.5,182.229996,180.630005,180.960007,48870700,69.37321944528814,3.0523065043475412,175.96800224999998
2023-06-12,181.270004,183.889999,180.970001,183.789993,54274900,77.46024230359689,3.277233843252162,176.52900155
2023-06-13,182.800003,184.149994,182.440002,183.309998,54929100,73.61391316947193,3.377821372670269,177.0910011
2023-06-14,183.369995,184.389999,182.020004,183.949997,57462900,75.50590138456624,3.4691896265144067,177.68500060000002
2023-06-15,183.960007,186.520004,183.779999,186.009995,65433200,80.70211924283657,3.665569841047443,178.35100025000003
2023-06-16,186.729996,186.990005,184.270004,184.919998,101235600,71.35732499210543,3.6907047801710746,178.84449999999998
2023-06-20,184.410004,186.100006,184.410004,185.009995,49799100,71.67328386393201,3.6755173304226787,179.33699955
2023-06-21,184.899994,185.410004,182.589996,183.960007,49515700,62.3165650509546,3.5379723674525962,179.82500005
2023-06-22,183.740005,187.050003,183.669998,187.0,51245300,73.84842137268207,3.632397010510715,180.59700015
2023-06-23,185.550003,187.559998,185.009995,186.679993,53079300,71.17356098471754,3.639453970051875,181.339
2023-06-26,186.830002,188.050003,185.229996,185.270004,48088700,60.00167893620213,3.4910299130536373,181.95299995
2023-06-27,185.889999,188.389999,185.669998,188.059998,50730800,70.64044842562313,3.5575230659688657,182.5845002
2023-06-28,187.929993,189.899994,187.600006,189.25,51216800,74.07213492836198,3.664006202116525,183.18200005
2023-06-29,189.080002,190.070007,188.940002,189.589996,46347300,75.0444310859678,3.732800292236618,183.79899985
2023-06-30,191.630005,194.479996,191.259995,193.970001,85069600,84.03978344013404,4.093561869484631,184.49300010000002
2023-07-03,193.779999,193.880005,191.759995,192.460007,31458200,73.39868654009153,4.209104189328684,185.0685006
2023-07-05,191.570007,192.979996,190.619995,191.330002,46920300,66.0922753459514,4.161518950581666,185.6560006
2023-07-06,189.839996,192.020004,189.199997,191.809998,45094300,67.6863402918,4.115102630189199,186.28600015
2023-07-07,191.410004,192.669998,190.240005,190.679993,46778000,59.94604647860876,3.941697961731421,186.92899945
2023-07-10,189.259995,189.990005,187.039993,188.610001,59922200,48.17286189962585,3.5957924014100513,187.33099915
2023-07-11,189.160004,189.300003,186.600006,188.080002,46638100,45.503361092601594,3.2415269578372943,187.6869989
2023-07-12,189.679993,191.699997,188.470001,189.770004,60750200,54.817750950576034,3.0618430580827294,187.98599945
2023-07-13,190.5,191.190002,189.779999,190.539993,41342300,58.580725437766276,2.9475958994934786,188.3474992
2023-07-14,190.229996,191.179993,189.630005,190.690002,41573900,59.35021244917119,2.8364617108609593,188.68449945000003
2023-07-17,191.899994,194.320007,191.809998,193.990005,50520200,72.4745428344734,2.9803145179339197,189.08349994999998
2023-07-18,193.350006,194.330002,192.419998,193.729996,48353800,70.38561414443086,3.03831455176109,189.52399985
2023-07-19,193.100006,198.229996,192.649994,195.100006,80507300,74.84299036703602,3.158420053457405,190.0285004
2023-07-20,195.089996,196.470001,192.5,193.130005,59581200,59.754752770431914,3.059375337653023,190.4870003
2023-07-21,194.100006,194.970001,191.229996,191.940002,71917800,52.321244221034576,2.8519825108814985,190.7340004
2023-07-24,193.410004,194.910004,192.25,192.75,45377800,56.60786522885351,2.7216092533153926,191.03750075
2023-07-25,193.330002,194.440002,192.919998,193.619995,37283200,61.00144294308567,2.657850783674519,191.4550003
2023-07-26,193.669998,195.639999,193.320007,194.5,47471900,65.1639191020611,2.647808497959602,191.7770004
2023-07-27,196.020004,197.199997,192.550003,193.220001,47460200,55.17113665699308,2.5076579721378494,191.97550045
2023-07-28,194.669998,196.630005,194.139999,195.830002,48291400,67.15357448491034,2.5774813382645334,192.28750075
2023-07-31,196.059998,196.490005,195.259995,196.449997,38824100,69.41892062174594,2.652271538639951,192.41150054999997
2023-08-01,196.240005,196.729996,195.279999,195.610001,35175100,62.595170676957075,2.6136343048755464,192.56900025
2023-08-02,195.039993,195.179993,191.850006,192.580002,50389300,44.27839060001069,2.3118686396199166,192.63150025
2023-08-03,191.570007,192.369995,190.690002,191.169998,61235200,38.20835434512666,1.9366175156775682,192.59950024999998
2023-08-04,185.520004,187.380005,181.919998,181.990005,115799700,18.717824973862577,0.8882404981651177,192.16500085
2023-08-07,182.130005,183.130005,177.350006,178.850006,97576100,15.552008489535211,-0.1937441565601432,191.6770011
2023-08-08,179.690002,180.270004,177.580002,179.800003,67823000,20.30948343528202,-0.9634617845464959,191.26300114999998
2023-08-09,180.869995,180.929993,177.009995,178.190002,60378500,18.273983406896065,-1.6839704129170343,190.68400105
2023-08-10,179.479996,180.75,177.600006,177.970001,54686900,17.986596794393492,-2.246830866336552,190.05550145
2023-08-11,177.320007,178.619995,176.550003,177.789993,51988100,17.720570268864734,-2.6765731034448095,189.410501
2023-08-14,177.970001,179.690002,177.309998,179.460007,43675600,29.07466320707603,-2.8495429917382467,188.6840011
2023-08-15,178.880005,179.479996,177.050003,177.449997,43622600,24.355335058292255,-3.112929964142097,187.87000115
2023-08-16,177.130005,178.539993,176.5,176.570007,46964900,22.490696355678807,-3.35401092583578,186.9435012
2023-08-17,177.139999,177.509995,173.479996,174.0,66062900,17.83761428025214,-3.709684477865494,185.98700094999998
2023-08-18,172.300003,175.100006,171.960007,174.490005,61114200,21.452409291860903,-3.9069817681695156,185.11450109999998
2023-08-21,175.070007,176.130005,173.740005,175.839996,46311900,31.183869930474202,-3.9093438187704805,184.2690009
2023-08-22,177.059998,177.679993,176.25,177.229996,42084200,40.09868315149479,-3.7557603106228328,183.44950095000002
2023-08-23,178.520004,181.550003,178.330002,181.119995,52722800,57.903844583425084,-3.282317353406029,182.7805007
2023-08-24,180.669998,181.100006,176.009995,176.380005,54945800,40.7040880278691,-3.2520997960036198,181.9385009
2023-08-25,177.380005,179.149994,175.820007,178.610001,51449600,49.01635082346786,-3.0134726864033894,181.07750085
2023-08-28,180.089996,180.589996,178.550003,180.190002,43820700,54.31066179851756,-2.6661325898629684,180.26450110000002
2023-08-29,179.699997,184.899994,179.5,184.119995,53003900,64.89060021388057,-2.0501130431163688,179.6900008
2023-08-30,184.940002,187.850006,184.740005,187.649994,60813900,71.74657192656663,-1.2625181726668586,179.4435004
2023-08-31,187.839996,189.119995,187.479996,187.869995,60794500,72.1421121547757,-0.6135190556746011,179.27850025
2023-09-01,189.490005,189.919998,188.279999,189.460007,45732600,75.08335940863049,0.028786270238697398,179.65200035
2023-09-05,188.279999,189.979996,187.610001,189.699997,45280000,75.5381507296393,0.5508333914501122,180.1944999
2023-09-06,188.399994,188.850006,181.470001,182.910004,81755800,47.13815678350931,0.41191550189839177,180.34999995
2023-09-07,175.179993,178.210007,173.539993,177.559998,112488800,35.03112431289553,-0.12839859962389255,180.31849975
2023-09-08,178.350006,180.240005,177.789993,178.179993,65551300,37.211473778097535,-0.5008000911342947,180.32899935
2023-09-11,180.070007,180.300003,177.339996,179.360001,58953100,41.56589751333311,-0.692728825609521,180.40749975
2023-09-12,179.490005,180.130005,174.820007,176.300003,90370200,34.3572776479818,-1.0793084001914224,180.24949955000002
2023-09-13,176.509995,177.300003,173.979996,174.210007,84267900,30.18580984668006,-1.5366076520696765,180.08750005
2023-09-14,174.0,176.100006,173.580002,175.740005,60895800,36.74509562015117,-1.75532822089653,180.04599995
2023-09-15,176.479996,176.5,173.820007,175.009995,109205100,34.9188566779121,-1.9649211654658245,180.0964997
2023-09-18,176.479996,179.380005,176.169998,177.970001,67257600,47.30735782011847,-1.8706140631714732,180.2704995
2023-09-19,177.520004,179.630005,177.130005,179.070007,51826900,51.32455179654826,-1.6876594267508551,180.43200005
2023-09-20,179.259995,179.699997,175.399994,175.490005,58436200,39.802739498108934,-1.8106705187090313,180.3450005
2023-09-21,174.550003,176.300003,173.860001,173.929993,63047900,35.72550688642882,-2.0108577102009804,179.9855004
2023-09-22,174.669998,177.080002,174.050003,174.789993,56725400,39.69832946457101,-2.0761797809117013,179.9059998
2023-09-25,174.199997,176.970001,174.149994,176.080002,46172700,45.58439448032334,-2.0007911721419873,179.77949985
2023-09-26,174.820007,175.199997,171.660004,171.960007,64588900,33.42693139197574,-2.2475855536227414,179.3680001
2023-09-27,172.619995,173.039993,169.050003,170.429993,66921800,29.96451333945683,-2.53738186328863,178.6835
2023-09-28,169.339996,172.029999,167.619995,170.690002,56294400,31.37384251254076,-2.714772762732963,177.8355004
2023-09-29,172.020004,173.070007,170.339996,171.210007,51814200,34.45151821849272,-2.781334774973061,177.002501
2023-10-02,171.220001,174.300003,170.929993,173.75,52164500,47.79372507802592,-2.5991678526543467,176.21700065
2023-10-03,172.259995,173.630005,170.820007,172.399994,49594600,42.43743457542776,-2.5345171203230734,175.35200049999997
2023-10-04,171.089996,174.210007,170.970001,173.660004,53020300,48.69798796147756,-2.354467832937331,174.8895005
2023-10-05,173.789993,175.449997,172.679993,174.910004,48527900,54.43383863806716,-2.0868569344677326,174.7570008
2023-10-06,173.800003,177.990005,173.179993,177.490005,57224100,64.09930731032968,-1.6475963851315782,174.7225014
2023-10-09,176.809998,179.050003,175.800003,178.990005,42390800,68.61496729725883,-1.1650122352513108,174.7040016
2023-10-10,178.100006,179.720001,177.949997,178.389999,43698000,64.81065682982148,-0.8215064741171432,174.80850139999998
2023-10-11,178.199997,179.850006,177.600006,179.800003,47551100,69.45392759300765,-0.430537180076243,175.0880012
2023-10-12,180.070007,182.339996,179.039993,180.710007,56743100,72.21450964852524,-0.046722887821118775,175.33650129999998
2023-10-13,181.419998,181.929993,178.139999,178.850006,51427100,59.41100535685449,0.10614262192660817,175.52850185
2023-10-16,176.75,179.080002,176.509995,178.720001,52517000,58.56430249544575,0.2143286751827418,175.56600185
2023-10-17,176.649994,178.419998,174.800003,177.149994,57549400,48.771282811488184,0.17140461234720306,175.4700012
2023-10-18,175.580002,177.580002,175.110001,175.839996,54764400,41.94371016971741,0.03132005471422872,175.48750075
2023-10-19,176.039993,177.839996,175.190002,175.460007,59302900,40.04650644845322,-0.10910224035109195,175.56400144999998
2023-10-20,175.309998,175.419998,172.639999,172.880005,64189300,29.482883561467688,-0.4236885029766029,175.46850205
2023-10-23,170.910004,174.009995,169.929993,173.0,55980100,30.477969520591174,-0.6557586118372853,175.31450194999996
2023-10-24,173.050003,173.669998,171.449997,173.440002,43816600,34.435919646045576,-0.7950070149408361,175.3885017
2023-10-25,171.880005,173.059998,170.649994,171.100006,57157000,25.44724142425339,-1.0817112052363598,175.42200235
2023-10-26,170.369995,171.380005,165.669998,166.889999,70625300,16.43988409515167,-1.6298508163768588,175.2320022
2023-10-27,166.910004,168.960007,166.830002,168.220001,58499100,26.0829978991424,-1.9346341035510477,175.08250189999998
2023-10-30,169.020004,171.169998,168.869995,170.289993,51131000,38.8886890021615,-1.986249749017361,174.90950155000002
2023-10-31,169.350006,170.899994,167.899994,170.770004,44846000,41.62469564423058,-1.9657625567301125,174.82800205
2023-11-01,171.0,174.229996,170.119995,173.970001,56934900,56.70160994417852,-1.672039069248882,174.8435019
2023-11-02,175.520004,177.779999,175.460007,177.570007,77334800,67.66333639596246,-1.135679287669575,174.97650205
2023-11-03,174.240005,176.820007,173.350006,176.649994,79763700,62.914415790223664,-0.7759035238946979,174.93450149999998
2023-11-06,176.380005,179.429993,176.210007,179.229996,63841300,69.8398611250373,-0.279373594738928,174.94650105
2023-11-07,179.179993,182.440002,178.970001,181.820007,70530000,75.25243063253441,0.3194398892975414,175.11800145
2023-11-08,182.350006,183.449997,181.589996,182.889999,49340300,77.22258516758382,0.8703108994195645,175.27250124999998
2023-11-09,182.960007,184.119995,181.809998,182.410004,53763500,74.13380495800708,1.2536967233109522,175.3575011
2023-11-10,183.970001,186.570007,183.529999,186.399994,66133400,81.36312732736656,1.8580728904815942,175.7350005
2023-11-13,185.820007,186.029999,184.210007,184.800003,43627500,71.95470579580976,2.1827777520485654,176.03900059999998
2023-11-14,187.699997,188.110001,186.300003,187.440002,60108400,77.06091146943379,2.622899398552022,176.553501
2023-11-15,187.850006,189.5,187.779999,188.009995,53790500,78.06680663404569,2.983302985999984,177.16200095
2023-11-16,189.570007,190.960007,188.649994,189.710007,54412900,80.9703981523327,3.367286207094537,177.87450095000003
2023-11-17,190.25,190.380005,188.570007,189.690002,50922700,80.82350394010209,3.628158289637696,178.71500079999998
2023-11-20,189.889999,191.910004,189.880005,191.449997,46505100,83.83378138795672,3.9315971772182934,179.63750065000002
2023-11-21,191.410004,191.520004,189.740005,190.639999,38134500,77.31702195267962,4.0599144460952346,180.4975005
2023-11-22,191.490005,192.929993,190.830002,191.309998,39617700,78.89985487060062,4.167628301242729,181.50800009999998
2023-11-24,190.869995,190.899994,189.25,189.970001,24048300,67.85208410986715,4.097630811101936,182.6620002
2023-11-27,189.919998,190.669998,188.899994,189.789993,40552600,66.39505261532624,3.9817332127170175,183.7404998
2023-11-28,189.779999,191.080002,189.399994,190.399994,38415400,69.02475180472464,3.894215422384434,184.74599985
2023-11-29,190.899994,192.089996,188.970001,189.369995,43014200,59.80547522316944,3.6991036673103963,185.6759994
2023-11-30,189.839996,190.320007,188.190002,189.949997,48794400,63.04790468995795,3.5503512704027003,186.4749992
2023-12-01,190.330002,191.559998,189.229996,191.240005,45679300,69.44393808575506,3.4962541472368116,187.1584991
2023-12-04,189.979996,190.050003,187.449997,189.429993,43389500,54.11188934304982,3.2696385875229055,187.79749905
2023-12-05,190.210007,194.399994,190.179993,193.419998,66628400,70.73111546309784,3.3731209428750617,188.50699915
2023-12-06,194.449997,194.759995,192.110001,192.320007,41089700,63.35155674409104,3.3280081678047964,189.03199915
2023-12-07,193.630005,195.0,193.589996,194.270004,47477700,69.85602757506047,3.410292698244831,189.6009994
2023-12-08,194.199997,195.990005,193.669998,195.710007,53377300,73.85398518617181,3.5507689349343536,190.26599955
2023-12-11,193.110001,193.490005,191.419998,193.179993,60943700,58.06773719301601,3.4185395826548017,190.6049995
2023-12-12,193.080002,194.720001,191.720001,194.710007,52696900,63.56276252836638,3.398035770097863,191.1004997
2023-12-13,195.089996,198.0,194.850006,197.960007,70404200,72.49511697767126,3.602506734389692,191.62649994999998
2023-12-14,198.020004,199.619995,196.160004,198.110001,66831600,72.85343829967952,3.733615908870348,192.13150025
2023-12-15,197.529999,198.399994,197.0,197.570007,128256700,69.07390071431034,3.750711998177195,192.52450025
2023-12-18,196.089996,196.630005,194.389999,195.889999,55751900,58.12817611268183,3.5873454812730756,192.83450009999999
2023-12-19,196.160004,196.949997,195.889999,196.940002,40714100,62.465189317172346,3.502231264538892,193.10900035
2023-12-20,196.899994,197.679993,194.830002,194.830002,52242800,50.26032708835063,3.2273157811768556,193.31850049999997
2023-12-21,196.100006,197.080002,193.5,194.679993,46482500,49.458796655010204,2.9631811001247854,193.48700025
2023-12-22,195.179993,195.410004,192.970001,193.600006,37122800,43.61638237422292,2.6363167192421315,193.6685005
2023-12-26,193.610001,193.889999,192.830002,193.050003,28919300,40.755941016062934,2.306308013772963,193.831501
2023-12-27,192.490005,193.5,191.089996,193.149994,48087700,41.56871812612291,2.029447962322479,193.969001
2023-12-28,194.139999,194.660004,193.169998,193.580002,34049900,45.331639318905964,1.823709836971517,194.17950134999998
2023-12-29,193.899994,194.399994,191.729996,192.529999,42628800,38.30433952745694,1.557975056859334,194.30850145
